{"version":5,"hash":{"type":"Buffer","data":"fBq691GCBmaGZtiFgbidcui88WCWUwL2Gl5EVHUDHbbH+Z04JhcITORBC3is4Sw3JiGxmAXA0X16FroupmjlopbeGQ1eMwzl40QN48iYeRKRs8BamGJ1YTEm27yfhbqdDuWoWH4yTy1z1OXoLNEdoA7uyuPPRRF6GKG51nvoDXY="},"indexValueMap":{"J+4VeXg/FX1kgW0dj56eoHPc7ySYR4KcMGxg/IAEQEc=":{"valueMac":{"type":"Buffer","data":"J9pzczYJG9UAUQzGm2KaqBzteNCfOf/vd5ybUY/37jk="}},"NK5z2DYRjBhRfoaVz8aAP7c2SBKN5TE/Lhd92b0hDHU=":{"valueMac":{"type":"Buffer","data":"HR6ykZz7WVW47GIYLq6PpZUiVn+2NTfCw2e5kQrasq8="}},"WHgDwQew1eZuQLme6ZDNz0txxh+27x4Co9fWxapJ95U=":{"valueMac":{"type":"Buffer","data":"748e1uv05PBt7sMai54oKLQSpiS0jeKje95URfDvDIE="}},"ZhQG5gQaVD2nxF/gKZsjnExw5SevNwK2Oo/KlHtaHXc=":{"valueMac":{"type":"Buffer","data":"XnPQOZ+HPAWkxiu99d1SSe/qSzuLUWTm4/sFqFdGA8k="}},"g4f9e/Lw/FFxElZY6G+DLCmxQxO+Kdtqrq/jsWgsrLU=":{"valueMac":{"type":"Buffer","data":"ptvUjLl0KCUNC7/SKCCkqhsMrG0DSJqjqyx5d6ocOzE="}},"n3zHiRAsm77Jd606nFRW4mIkNYivPtaHvj+MBQdqaZs=":{"valueMac":{"type":"Buffer","data":"/UynDDjN42fIFgYH2AS7Si6JAuG6XVS6lTG4iCPFtSg="}},"rmodxmuXibTHmQEzidpwNLSTyJTGsR0mauGGFz0Ax+w=":{"valueMac":{"type":"Buffer","data":"UBF46eRnjcJratNw305O72iyB5YJbqDHrsQ4XjKY/WU="}},"v8ZduFcQpO7Gk6fE1gjZiehtUBSLW1QzVyoOoVJIRj0=":{"valueMac":{"type":"Buffer","data":"hCrNVpmPflblpB8KkypeI40UwPdGkIhOZGWyKpPXDek="}}}}