{"version":2,"hash":{"type":"Buffer","data":"LcNLH5qNeOPXbJ7sAQDyrtDrkMO+O40iievx7g++CjKD9zLShAIO7W2HKZkJ1OuB+NvoCw+vZ0khNuLAkTZIuA7Qjc6NKE+FpiRGJv1CDD6ONNcmmRZEClZU9tl+vKYAXMT6Q1P4g3Tpi0gtCaFu2ggqtqHY7oCjREuURbg+U3Q="},"indexValueMap":{"KKPfp+r0+0gbUToXQc7eZwlK+L2tS/VfSydpGbIIf1o=":{"valueMac":{"type":"Buffer","data":"6mHJBXn3TrcgfJBenQn+9dkUjcIZEJqI8SlT86cTDEs="}},"Q93JAsaVmB1oDqh/mhASL3OJVc8QZtpTzTWhhs36gAY=":{"valueMac":{"type":"Buffer","data":"iFnvM+K5WEacRH/iwdNazY5mbCLy4KhyVskDmcp7Q7s="}},"woqlCon+0qSr5cvlyYKvmYEigwIFO9AUL6NKc0WwjdA=":{"valueMac":{"type":"Buffer","data":"oeizUJK0sIo+o+1DuRGRQJsioIBky//n5dIP7ojnSuM="}}}}