{"version":133,"hash":{"type":"Buffer","data":"DQSLF3fiZgQG7tfOBEafaSHlVkkC5qEf0DrmQxWUjjEpnU1koDYPPt54zOIqQfczpP7VBJnS1jo06axWLH760pXX/LWeck4J/O012pTEyk5qz78J51UqeCTWmE7etW/2lcp0jIRkxg1KEU7CxHwK9VpdD+/Ge89F7rbSPpKouNM="},"indexValueMap":{"AHPUP/UvHzSK6ZABTZRYDu6t2HImfh3ZME4iVoAwSTI=":{"valueMac":{"type":"Buffer","data":"wtGga6va4OLLwGiBUlNASrhfHCroZw1sSNkgK5CuNDM="}},"APe5oiPgUXElKYnBmHqdq0Ycvtx91Q7cnw80dj/q1tI=":{"valueMac":{"type":"Buffer","data":"F8QEyI2IApDLLLAl1AX08q7ZRZ+tB9bm+d2HluD2Rwk="}},"AQGW0LQ0JYZaVzIeAqOMaD9IfFhhILu4ZGj3BtGoKnE=":{"valueMac":{"type":"Buffer","data":"S0yrGLiP1/sQZ4WBZRP4MVIW1lmHHVF3NNm3l5lXjW8="}},"ARXpeXjkyVxDbAMigEc+hxqKLffDs8ZW2n3oqKkBB60=":{"valueMac":{"type":"Buffer","data":"F9mJuT7msSardPTgu+aJNlHDC8bhfVxWR+adgpItTX8="}},"Abie/yJm9vIXwcjV4zGmJllMpw7ZFZs0l1Li5+o+drs=":{"valueMac":{"type":"Buffer","data":"AjdZyiuCpX3p9jAtMKwQqS50vYUG5M6qEb5HetLvlrA="}},"AjgzeEBVINifrlndYfwx0Gxr+p7dKCshz3PRsM6BUvg=":{"valueMac":{"type":"Buffer","data":"PYHXwr2GLGI+YaTqr0Hl35LDQ2y1iUV7QN9pUhYdUzk="}},"A6uJT0P9//U5o2xNdOPYQ6kCVJWUv7WuTqFUS3gTM90=":{"valueMac":{"type":"Buffer","data":"w333iApFxeA7hNCRu75ePRB8b3Av0V3nLgrgky2Z52g="}},"BQUs4IXvFwncUjVjPHlSYVd6dLrzaN6KtIQrypA8p3o=":{"valueMac":{"type":"Buffer","data":"7ch+FPEoF8ZDqQX9tmVnqi0RnNW6fWye1all0F6Em7U="}},"BX7hVrEF4/jg9r/51TnOWgaUKmlgi01ZtinkFQD96LY=":{"valueMac":{"type":"Buffer","data":"Z3u28WzbGjOwVtDfF6S/ge46d4Is187zFCa/3WGDbnI="}},"Ba+ie9KjVbIkT5kKFuJGGyFjCdD/gYPprEuY/1Dk66Q=":{"valueMac":{"type":"Buffer","data":"UbVJrVt7y6kXGdMdiSTq0w6/bTxrxJvmk8saYzFCS68="}},"BfKMK++ds/o41KO2gwYjUYk47eo4o5EQ+69v4+lPSdE=":{"valueMac":{"type":"Buffer","data":"jQODU8bgqQuKJZd1ij+lN4SRBVxBrWDGMBorUx3iOiA="}},"BgKdpqkp1UbsWiPLhsVEuADetuHgJTD3xVYn10GVFKI=":{"valueMac":{"type":"Buffer","data":"M4lJ2J81MsPYJnevJtxlgjBHlRqEGztEtauM8/70O5c="}},"BnZpkkis1982yNmDksys2mMGpH3OKbdAT50hvAdeobs=":{"valueMac":{"type":"Buffer","data":"SOAavTO7LffoFdqUblbVPF9N3Xvxda3G9f/Q5bHUnOs="}},"CDpM3997EAMUcHJFH6ePyd/MSJPShkfF3buO2OgeCS0=":{"valueMac":{"type":"Buffer","data":"It4zscz3zBQ/AqmPgCcSYh68GJVJEQajVQD4HU2ugsY="}},"CTdZKu5/vIOpBXlKIWZheJZAXR6v0odQhRuCsDn32ak=":{"valueMac":{"type":"Buffer","data":"pweE63T2ZB7h2IGk4oHAKu5fMrNE9KVfBAUYC3cmTHI="}},"CWnE4sWv45HfkX+/vy55xxmO9BznGS8iQ3W8LRQ8ers=":{"valueMac":{"type":"Buffer","data":"lBJafmWeQfNl/5dM6S+Z7IvwleVbr+TOUnXj4WrETm0="}},"CcQf7zQq/oxGM6nzYQrtxVDZfKOE0XJE+XQOtsuvH/c=":{"valueMac":{"type":"Buffer","data":"YQsWNQ0rkeXMZmmtID9h7EQTj+K6oHStvpOUOKN8bzk="}},"CpVkbx2Ev3cKaYkzgv9HihHv8fJTueQxEEPZxU48tFY=":{"valueMac":{"type":"Buffer","data":"o8oignwyzYZiWJXFRFQY191LKlctPojyLGyWTTTafpM="}},"CphIttSBzpqMHAEvm1Mr4G36pNlrPJ8mMq/aHfPVA9c=":{"valueMac":{"type":"Buffer","data":"xDpU5kTLgrQnmo8yX8nEET6wWuRHqDQdGp3sr+1h0pg="}},"Crg2Vgo4LMmB4cdRcSAv0XbaXwYQ+0JM6osnyoDpNrg=":{"valueMac":{"type":"Buffer","data":"+GWX5Hzr0SIpife10Bv2r9DkgyKB2zJJZNdoJ4UWxuk="}},"DHB0vw2MJgNIiU+cq7zfrBYCLDDUfxKBoK3aMZE3apg=":{"valueMac":{"type":"Buffer","data":"4qUrfptAkICbId2VyhE8yjeTlv+4HyRiE0H1DnL1zKA="}},"DHw22oa99e7Nu2WFkmbzk3WKdJLir7XOlP+665gGdqs=":{"valueMac":{"type":"Buffer","data":"XIubmrH3TR8JKHezBQTQmaUiUD+y+obPoqZIs/78K9o="}},"DJVp8shD95/t4SfMI+OMe6o7pNhOXPFBSmEn3pMT2hM=":{"valueMac":{"type":"Buffer","data":"geGzZVG8CTkxjM+lFAHxBALngGw5BSecNSad+WBBGOE="}},"DTfde/zuWDktdELjfK/GLgsuE7vJK3+V4Cbhb5fle+E=":{"valueMac":{"type":"Buffer","data":"qMxolVMFjbIrpX0PYLy3NtCm6L4cnsLE7rO/j4UQITw="}},"DW9598V425at4CDTC7VaI1t4TuPhQHjR3XQ1nfNs8NA=":{"valueMac":{"type":"Buffer","data":"up3idBYgbEsaZpj3ylVfKTXYOgy4tCCjy5FEvokM2XQ="}},"DgvC8LAZhJPjlH5ker74995TdCVbLP1GMI+vXSCv9+0=":{"valueMac":{"type":"Buffer","data":"zIV6TxfxMKjg62KL9akA3YEjYtViHzuAEC8qQiVP7xM="}},"DmxUCOBocnfGY6u86scG6U1TbdwRMui7ffDcmeUjgvQ=":{"valueMac":{"type":"Buffer","data":"IaniLWrv0+QzqLzAd8GhtYzn+FDhCtM96KRt4elTI2U="}},"DqcdEHYfLKSoecx6lLbHwmWEKv8VXvFGH/N0g+DM+Ik=":{"valueMac":{"type":"Buffer","data":"Ti30nNhBq8qg6li4KV/2m6WfJ+4w4v11dYQzEt/X+20="}},"Dvhu35MjfMkb5DLWfNhRJtLhKKfH9apvavM42dVXXLA=":{"valueMac":{"type":"Buffer","data":"7XiSgnuRljfecgUsfnJszIzoiLwytx8ev8rQsNVbieI="}},"DxWR8KRzbhq2iTFLRmKOosrqWTOiCtv36TarkEdF5Oc=":{"valueMac":{"type":"Buffer","data":"nvXbFUzoWQR3XolAcGy2bNByfmRd1UIfOCbfr6lhUFk="}},"D/8MLnHlZlT2B50JTaUdnyYA4W8jL3hyTPBquQkoCIU=":{"valueMac":{"type":"Buffer","data":"6RN9Yt12/A8hwRG+wpIBDOhNqN5lRC+1cIW2isVuw7A="}},"EFCxGIEzHYOSt5OjaXap+bzGZxQrjquxjH+oDszFPl0=":{"valueMac":{"type":"Buffer","data":"bSg7HW+N7vOiiWLzQA2YphgHeabL7kUivZeWjLLu0Go="}},"EFnKmLYNl6nOJulZBanfYRCYSWm/kgxKlhsLcRmXuWk=":{"valueMac":{"type":"Buffer","data":"RmEbKB2P/U3K6nLEg0OUNr1LYVAPI1nnui5XuM/iWFs="}},"EJzElcnyFV1yTDn0uynDd9/k19WYlME44xI6Yz3W/SE=":{"valueMac":{"type":"Buffer","data":"J9p1mDqA/ElnxWSMQA30XjgC5TMwRRaYBXtWhRpSIIQ="}},"EQUoqXjIBEZVXFS6501HrtM7kq0P4Fcu89O/9GWgpKk=":{"valueMac":{"type":"Buffer","data":"nkRq9f3IzDKf/Qj3hwhtdW5853M3ai/71rqh/ilM264="}},"EQkNoZAT9vmMW9sBqrBY6YP9UBuv2se3IBmkq/XAiZs=":{"valueMac":{"type":"Buffer","data":"oXBnYSR1P/xz9J0QMEhYSXyp2j7lJnrkPidifyZVLS0="}},"EYfGI2bD3/Tc8GYUn95n/PZYDCl1g9hdGjfPA6vmH60=":{"valueMac":{"type":"Buffer","data":"5aLZCaRxP+sZGAhM4yMFIuo4wKBHTzE4lYs8IAP9YYo="}},"Ea1vftAgZ9NE+1znITAWH+96z1XJUqi/vE8yLk9Vqi4=":{"valueMac":{"type":"Buffer","data":"dkfgzXz+1s8vi6tptcUaTO0bnAySYGKZcquTO+bEixI="}},"EpOu+pJEpmJ5cPm/0u/Cfd8wMQcx7vb7c0coq07l4+g=":{"valueMac":{"type":"Buffer","data":"aaiIlenq0EcgqvkR5H24E+YA3Les47bAuiBYd1q0YEI="}},"Et49c5g3F+5I+l70wnxdo/7OJwQ/41T4EXsmP1t7zoQ=":{"valueMac":{"type":"Buffer","data":"4HFbzlL4IqEDo7WGZ3qZwS+CXSaRGVGh2DsTojAZeT4="}},"E79gcMwGFbGSFa8io/zervZIy6lYF/RSc2neYp/RcqY=":{"valueMac":{"type":"Buffer","data":"UqU430hig7zilOkeWvSM4qTT0JpgxsWJCmEXqizeWkA="}},"FIgZvzdEu2xRn29d9oEe+dQsg1fu0fAkBWSyq2IGx38=":{"valueMac":{"type":"Buffer","data":"EWOlomUfAL9+JtoTPfgoa9Ranr3Z7PRcS938mi0uZc8="}},"FNBFty8PRFvdpGS3Ocotc/C9St/ha3ekTZlp723j20M=":{"valueMac":{"type":"Buffer","data":"Rejrg0Gcso5fSruaQdBjrnHlu3lK7HnapOIElC4lPqo="}},"Fta1vSvis7ypt5uft3ACWSJRblcIbPpvLa9KkyOpZGs=":{"valueMac":{"type":"Buffer","data":"Rtptnq0Mzd0HRxSMQB7mcrZqzI5fP5JoRgDn8moxFPA="}},"F12wXZ05GQQBnJuEu/yPZGpON0XvMNFFw7IVK+ZtYOs=":{"valueMac":{"type":"Buffer","data":"jBcJb/mSWnyTcFSCmNboq9W0S4pgdzcAbXY/kNVXWsk="}},"F53yzbMwwxi4pByPXwRQddzIjoh9fHEES5IimQiuiyM=":{"valueMac":{"type":"Buffer","data":"8V9taz1qvcpt1ph25ah3yNZaedK7416y9J3EexTEqVg="}},"GFio8LZYyyHbmgkCsV89rODFDR5T9ZaqtGxzGvhE20E=":{"valueMac":{"type":"Buffer","data":"+IJlIma694JFdqwBr3+3rl3l+ydILbfJqkhSL9T1cW4="}},"GdwXKW5b5KxFSklsPC3Cc0wGA9lEOxphBxxVjVid4Pw=":{"valueMac":{"type":"Buffer","data":"NCEjLmj+W7Rjr7rGYNfOr8Bdl0MKNqE3T2hgn22tmmc="}},"GhM3LaxkkSf+EK14YzkZpGAkApVSX3lWGW3bDEmCEMs=":{"valueMac":{"type":"Buffer","data":"J1ahEMHoNeauONnH3FBpFJSYh3UNMxoNESj5GW2fPAs="}},"HHaAN01Lav+Kc8SkhMQ4aOwxNoZqD0RIdHeQ+nP/kmc=":{"valueMac":{"type":"Buffer","data":"PghSWcMQzVXg8YVnqnKx07rRtD3C0lKbzyXM27WmPyE="}},"HVpgKzQ10NoaScD02Quj105bk3/GiiUFkXPzbq/pJ7s=":{"valueMac":{"type":"Buffer","data":"NSaXoKOI2xs9v/BF0Wb/zilLGJ9IDFlSXBsyOrJinyY="}},"H8ajrGdbCR6v2dGTY1MstgqTGQFkQEZpgvJeegB68ls=":{"valueMac":{"type":"Buffer","data":"GswMIZ70ijtsy6uPKMGczvSzbRbCGKFowlX7o4Hhat4="}},"IG0qGvR3ag3brYlejwB6bcRjfhn6enxvfId1az42a2A=":{"valueMac":{"type":"Buffer","data":"8nc3Nw5p46C4KDvf+kKAhGKLi3iOdI5uCw8ec9ialcw="}},"IHB/o80FZS6SndI3JeQ7D3JRhUv8aDwQamQyvLVOrxU=":{"valueMac":{"type":"Buffer","data":"q3ejwB990mMGpnRp2Jn74G42PfzMldz3O6itw3Cy/Ng="}},"IKkO8M4tF+KISL76V1g2Ka+yqkX+B0Gp4IkyQzfLMFg=":{"valueMac":{"type":"Buffer","data":"L7ZcLzFp7XrtS7WHH/IaYfOQS+f7HAXdDxF5GZTvqG4="}},"IszY2woqX65oYVRXKhk4v8czsiGWsJL3RzdG62Dd4q4=":{"valueMac":{"type":"Buffer","data":"D4GLcXCxHLbXOsm43Rh7rykkCcGvzLq3sbST3sZN0lA="}},"JP+8gF+PY0F+Bm1Q1cyXDzRTTZb9w++ZWMYW8lnMMII=":{"valueMac":{"type":"Buffer","data":"Y0MGcdKsmh139SXejjvYOY/pZ/YOWA5C2yLjj/dunrA="}},"JaefW1f6upCpyGsPNEDzJZGSsCliJyseT3LCpuDu6oE=":{"valueMac":{"type":"Buffer","data":"D9shUGgX08TUKPRbHrfi4V6HW/26kboeJhzmNuf5p6k="}},"Jzf714I1XRsRaGVjZ73XGeQ48QGszcsHOmXzvPK7ro4=":{"valueMac":{"type":"Buffer","data":"qT05UImWwgQbys4xpi/5oKmFyKUa9uDAeuj5DfGldEQ="}},"J1jUgt0vziT8xoLw10UepcyNwoo35o8pF9OwQt4wgfE=":{"valueMac":{"type":"Buffer","data":"r4QrHrXPERLPRkBEiihboZjLsASgQ1BeXFAcosbRDMI="}},"KF+OV9OWUUmMTRbGBj9YC8FcB0a057UIfJHqIYY05ic=":{"valueMac":{"type":"Buffer","data":"jCZGwHNiFkvhblkPmpX7OxQQDSToaQVpEYogZ/6lCE4="}},"KPyhDI53SRX9B40h+dVmv4gdtigRefPB6aDSk7YHVLc=":{"valueMac":{"type":"Buffer","data":"V4FoUgHW601+ZLVCa4a74/f8TF8rURmJfrN218k5/Hc="}},"KVHqTgx2aRZ1XiZKasm8MOrPMtncAJGtzJdkHHjlQCw=":{"valueMac":{"type":"Buffer","data":"oweq1m7BS53F2r2GG6qneueCzwbaJv3evyFCT411U58="}},"KY9M2fTlZpxnXj2vK3+/ZLfrilcU2kj4dUXx6vW0yVM=":{"valueMac":{"type":"Buffer","data":"Hn0E3MeRmNUYNZj8nFcbocYnlEAdUS2Jszsdjve8Wag="}},"Kf51/zchWITej3rBrUprry5jkjWrIjB2hdakHt67P2A=":{"valueMac":{"type":"Buffer","data":"X+u3iFdoWz6HwdbCuGTOT/cqIhxLi5ZlZ5oUCa9Mn98="}},"Kg8Pc6SUAeHlU26xs3+NMeTzduQLRZJYJCNgNdhTLKM=":{"valueMac":{"type":"Buffer","data":"XnpH+5oTrOO/rdVXQf220y7Ivd140Y+ha+p9Xj5+vJI="}},"Kq/JShiIO7hQXzPdHOPHKl3kFlZl05UfaE3K4OFecgE=":{"valueMac":{"type":"Buffer","data":"/HuWNhXrscH2ly53TpjGlQSMPdiR2F5qvrQKBlxV54E="}},"KrzA4h9TgeH3iO6n4rM9mPwr0b1WSJp/eUJNVeoTQYw=":{"valueMac":{"type":"Buffer","data":"4M/rKK8eSEXxa9NqpU/A9FEs3tbIsRuzKSYBZf0wUsc="}},"KuJgZT5HeGyXXjyHJwTDKclU5XR6BFSPJhilkOpB44s=":{"valueMac":{"type":"Buffer","data":"pR4NlIJOs1K8dxbUY/ojI4VjNEXqE8PGgXbT5DdD+rE="}},"LAkSXI75JWiQLZPvP3rb6M6R0lOQ7DVf1xznQhNtFNY=":{"valueMac":{"type":"Buffer","data":"b6lPuMNcdqysN20IM46Ux1jdAzL7okkkNp3l5l/n950="}},"LRkwWQF8ifX88ZdV3Slck3GBsw2js6ZEG1qKd3oyqJY=":{"valueMac":{"type":"Buffer","data":"O6r3bRY8+h46JMx3eVmELGRvlBfHnugYRYx69m0vt30="}},"L0bZEiOY9+pJcNRZ+46mThm8geQ9n5zfP13cICLUyqk=":{"valueMac":{"type":"Buffer","data":"DUmfrsoJqYhQeD3/xMV9Ch8kAEua3SbxhD+jPw7ot9Y="}},"L72wbQxle74y21uXzz4AaqA2wwqG5ro86BK5+X7UE2g=":{"valueMac":{"type":"Buffer","data":"XdRkWsVSDUpXrD6wC/VQ1wDXCHovGOLHowYc8OMcwCw="}},"MAT+1Vu5Vpkc0TqIuBD/XwhzxoXOiRgDd8CBpLe3WoU=":{"valueMac":{"type":"Buffer","data":"98RxA6G9TiFv4QDj9fRuHuvtjx39W+tNLjDj+VnOxUU="}},"MCMaFS0id/Eni739ifeXXCXt7VIzae85ruYC00nnhOM=":{"valueMac":{"type":"Buffer","data":"YZsOWO73DD29PtwpDWgEXjFJhn4jC7EX6QLY0T/QIUk="}},"MH6GyW/9zD6+2qeXBnzXO6Ezph/ED8XATlC4O4+Z+HE=":{"valueMac":{"type":"Buffer","data":"KcCb0AHna1qow4po931ML9PVI8l8f0/8munVy6Jq06I="}},"MLWYpzIAlMnCqOFESRKOorPRQYeDC8uqgLFw5Ms4V94=":{"valueMac":{"type":"Buffer","data":"7qzfzOA6XM5HK2RaHbx73pBVRaAuVFo80W13yChg76I="}},"MTEhfWHVHjDpvwv/9E2k0NnBbff49UlrQMhy6Uep/78=":{"valueMac":{"type":"Buffer","data":"qf+vGxSw0LgNHS5XFvwVJZcn7j+gUxkIm64FF8LW/SA="}},"MeTKownXB54VE+WyFgCVlSIy6v3eLZqS8PhTBDZcWAM=":{"valueMac":{"type":"Buffer","data":"zXJu2WwPHpEdMUnMOhZsu9vd/iZ+kZTkg1GyNXtpd2E="}},"MhKQvEcyMFtxSVjjdwpHXCL+h2yrD2K3vZUDlbH0Wco=":{"valueMac":{"type":"Buffer","data":"aqmhvewA8YccvSdCMhg8AwFX0z+pOU3hzk2A+dxFTuY="}},"Mhz2ldchgPWBdMD0rsgh2ezyUAVDeDnWPwY2EGRI/Eg=":{"valueMac":{"type":"Buffer","data":"lsxxzqeXSsF23RRE5KvJiGMLAKkmrQGTwiplp4AWGEM="}},"Mm7JUB34/UP7GrEavk7PfFhggFTAxcomh6HyvWL1oxE=":{"valueMac":{"type":"Buffer","data":"m4slJhLlxWZ3l8RXYpmj8am0vB0X0wGgf+q7Y/WAqxw="}},"NBt5HZdnemahFrT7PHprLl45gYJYX//stny3agHOxtM=":{"valueMac":{"type":"Buffer","data":"EsFdDhqHEvA1zBFIllyubYVxjHi6eTdn9uzn++3YCSM="}},"NFgClGaBJpveHhvmHe6oBt0dzXnduEp138bg5IgWHvI=":{"valueMac":{"type":"Buffer","data":"RwLadmrWPi8/IkVxKLBWQaVI78nDHM16W0ztLCM6QYo="}},"NNf61CgpkQ0Bed7u5evnooeLqSK+YeG+DLHGd7aKVwA=":{"valueMac":{"type":"Buffer","data":"Weeiwx70yGWUqvAioVGdqynuADcI19Z6xB6tsbUH/uk="}},"NOm80+EhYmg2Mm1UksyQGgMdrUIpSXiUxZYgNMOLMl8=":{"valueMac":{"type":"Buffer","data":"LisOMe7/eyzSUAMc8CIZVvvg5LVP+fHaMr1wZ+3lQro="}},"NYF6NmLS+wKf5TiRiva86Awwt3q8Z2uVWZW2qLEwwmQ=":{"valueMac":{"type":"Buffer","data":"+58jKx886cXN4M/wwL6r/yotlVIoRHc/riQ66ZLOAXo="}},"NnhKq2GRNmeg2ABjftxbd6uIqsI5aljOmyiq4wbW0ZE=":{"valueMac":{"type":"Buffer","data":"hJWVRNlKSGmfA5Ud7o/B3OKoRWE/wEKASUXJCasxmWI="}},"OIrMd6Q9FxFAzcuQ8+4r18gGNIYrLdIkEAAWIkGIkMM=":{"valueMac":{"type":"Buffer","data":"T/njFnrnbcfXTDEy9hWbOp4pWlzQb4g1z1XGvrMPovc="}},"OQfwR4iSN1UMaNUG1BsM8NVioOjQAnJquefeOyC+b9U=":{"valueMac":{"type":"Buffer","data":"gVJ7hDfyok25kVeZt5idIUq2vj1v3S8tSGse/+7PJhE="}},"OSZRkPvjRSaUZMHHMOk87fBbo64J40IHVvBpGUAhV6A=":{"valueMac":{"type":"Buffer","data":"7dzjdfGtsJryDEX9D0oEYZyzyt+95E4SGbDUrnNjQ08="}},"Od75mhf34wm1XaEKKkkVLt3KWIG9EW6XesIDlHFCf9w=":{"valueMac":{"type":"Buffer","data":"VprU1GH+K9pX7hy1XY1vM12AKVI9n5WFYrG6jIGs7U0="}},"OtBRvEgcHqFJEdm7wwNSu4W+6fmxICNBg68LkiXRLmY=":{"valueMac":{"type":"Buffer","data":"MjjzrprTgac7ZQiUYuWV1fdPqzGZxTQ2uyjjKxGuQ5o="}},"Otq1ysTyAMYCsA/lbO/jCfOTuT6GkkPipcYkbgMSuTY=":{"valueMac":{"type":"Buffer","data":"S60TbhHVANudnuZ5RrSKZ5GhJ0LyKyTXOO/lJMsy5sg="}},"O/+jPzxyn/l+14s8G36tR5O34T3bYzyeZ05a8iTfX4Q=":{"valueMac":{"type":"Buffer","data":"flTNkssXeUh0tpsavoloF0vVGJHlBUKeW9/ewmGrMN4="}},"PC0HxJ1NAL+HeALRM1241hHSnsM89bod/YOwUI+e4HM=":{"valueMac":{"type":"Buffer","data":"vy89/+1jM3XkZj5N+mke/d8mTLxzBc+jcUOQkJ4BfhU="}},"PMkSwVDELS248d0QJuMDbioNPaJZCPKrAPjIFkZJd3c=":{"valueMac":{"type":"Buffer","data":"g/Gsw5DZtsLdQEzV1bKPaHanECb7EYCUhIz67F/9dhQ="}},"PX5Mh/KcgjTlkvBcOp2/7sIdkRdhow6izAob3iKMxtc=":{"valueMac":{"type":"Buffer","data":"FxGlxf7GvlwO71NJjj5GKBrOYqCf1Jj7jTaiUiTwgbI="}},"PhauJ2FbrbKVcg4b0s76u95iAcsBM6QHu0DI7GKvPSM=":{"valueMac":{"type":"Buffer","data":"cPcYFiw6TN2I4vu+tf7MAmnXfRZ4Ae5tKoolsngROGg="}},"Pv5ME6pLc61NjlbVKQZePJ78gKCuPnx+ggwZ2FFNC10=":{"valueMac":{"type":"Buffer","data":"3n9/OD8ISIgDPIWJyvvZeKaRaDC8PYtEBoWKvN08yRQ="}},"P1jyu56cApUy1HpW0sBeJ44nl2DLKLtaU+KeZxtKBSU=":{"valueMac":{"type":"Buffer","data":"VZ55sFNHfn7rVr937m8AqbTdT1BamHUf0xZ66alBnVM="}},"QO7D9yspjACCZE4qlSuUw8oPLYw/W/2OCyPqrFm8wjc=":{"valueMac":{"type":"Buffer","data":"MmHUda0BEEczIoaLFbH09R9ZsQWM/N/yd3++8CLfOcc="}},"Qan1eTz59Vq388+3nd1J9/zDGnEepfV3+o58VJcEyfQ=":{"valueMac":{"type":"Buffer","data":"zcSzpP3EGZ6QNommKScOM37f6Eky5Aj5xN1TK8qlULo="}},"Qd+989arRjeL6BOvd80+tQb+yDcB/2J54YIovZIrfeo=":{"valueMac":{"type":"Buffer","data":"VlXQuJZ5ScB572pNEwr8IkCfcRrKMPd+IWQy+O1f9mQ="}},"QfPuLouk6fUAfvxtZbTJZs/2LZse3t5Qw91kAcbhqRA=":{"valueMac":{"type":"Buffer","data":"JWgeVwri6oyq+/Fa/KUo9HJlwGOeWBhcznQMAP7AXqc="}},"Rq3ejJQlsuDYGLBYmOsArJZ3FOGmISATTfMDepd8Ba0=":{"valueMac":{"type":"Buffer","data":"/5cevLC+kXt6yeDI5Ah786JGClJUhgncuPZ2bKEJaTY="}},"RyPJdK+9Re8GJ0RX/ZQ+owoFEHfqOt3E1NVmdJOf9P8=":{"valueMac":{"type":"Buffer","data":"yV8IeFR9FG0AD/hqvE2s/Ps6Eq+wWwid75OaeAisa1g="}},"SHu3EUv0flJcNeol9SyhqZiKFflA2Ksk7XVdQvmoi7w=":{"valueMac":{"type":"Buffer","data":"P2dNmtKr2xL8ZQYwR3kaqb9be4KM3DmII9klj3MwPHw="}},"SOQ/EY4+dGAFsncSBhzWruP/Rb7Qsz8Is/35wXz+RUU=":{"valueMac":{"type":"Buffer","data":"qCe7XMynZg2s2YRLTGe7qRwrqlNuStRLpfeP0hfmrZ0="}},"SWSKGfnXTKCKUkPR5m06cp+DN2kwcWlLB2ibKERBFq4=":{"valueMac":{"type":"Buffer","data":"PpkBr2IF4SjEPE5/KL/rqgEXtbe2NoK5Jzzk3ayVGPk="}},"SgXvPLZ71U5KJJ9q7p2eNU77BRAvQHMc4EuGPm40HtY=":{"valueMac":{"type":"Buffer","data":"QNlaU2hlUiJJiBXv1uNY09pVZgJgbVexf4ZUAoP7rUY="}},"SiMlFcCxp1a85A9rWlPaBOPEZkuFarHUdGM8difcNK4=":{"valueMac":{"type":"Buffer","data":"+XIQ4gmYlaWOAcGn6Yr+TJlCEAhQHVx8VrNDKmv16IA="}},"Spf+uurpds+VSghxoACVWFXZfsNLbAU3j6Zi/mlwB2g=":{"valueMac":{"type":"Buffer","data":"E8AcWV6sC7M4R0fuQ+sVJLNuyF8DaS922alvV7qBOkA="}},"Sw9PYHqRWIswqjPK9zkb0cGX37HA3mybUyxJ0T526sw=":{"valueMac":{"type":"Buffer","data":"96LIVDR5syVrh2C7VqaV3A3kJrKYW0ebVlEH26qLDlo="}},"SydlMih6GA7ToXxA9Dv3p6Vfm+CyMWHhKu6iAyIZEI0=":{"valueMac":{"type":"Buffer","data":"O6H0m9rdHuVKkoiQ7JmUjcXXTrNzDZ5Had7/z9ftpiA="}},"S5wUSeXpyDuolCVxkzcZh1p1MKPogGyQBDw6dnUDmOY=":{"valueMac":{"type":"Buffer","data":"BoFj00ct4rubdXZ47CrrrAbEtD1Man1pJtw0WgsXCvk="}},"TQ9ZPTR9htlyAHCCeaJLwzePNfaG/mrFjMOGglmOut4=":{"valueMac":{"type":"Buffer","data":"i5V1wRwVy5Vvjc6Uo2nLPd5G690EtMrSEF0Fi83ReDo="}},"TZ1Z+23sTBGr1PltjU/RF4ylfk2y17c7MYqvAE3zcdU=":{"valueMac":{"type":"Buffer","data":"CeDdGo1V61oTc3KU5UVLzdsSpdPUWWkFPSIDIOoipno="}},"Tdh1HB/DmHZiSg1M4DlTbJvdABP0+J0GGruzNMxSo4I=":{"valueMac":{"type":"Buffer","data":"GccVPz9okolXZKB1QNT5QjSQHfLZGuL5LfBes+a5PhY="}},"TeSWmXBDeKAx2cYmeOV3vYMGRpX5cGbqRW+Pm2q0qXA=":{"valueMac":{"type":"Buffer","data":"JvNnvZXaGlgCjsI6K28raj8xJhMnDhpchRGkX8Lg9dc="}},"Tij5xTkML0tw5ERSm9pLfGeqgRcd31MYnARv/fXEszw=":{"valueMac":{"type":"Buffer","data":"HfsUNRezzmqrJXaJ+qe88G8N/Uw0uAPwta2ZQObilqg="}},"Tw6JRDY+WR8x286lBXXkp9Ac1uwvvPJt9GiGk1+mG30=":{"valueMac":{"type":"Buffer","data":"6lKIqBdm26AW/sr8evJP2MaMnx/MOdba22ayTZVNcAM="}},"UHjoo+oYk4vxxsfITrhDtuS+oajsia2M0KXeQsSS0yk=":{"valueMac":{"type":"Buffer","data":"Q9EtL75YZMZJlpUs6vtBCXoT3sxHM2PPXDSY38qZKDo="}},"UYKtKAM20eiEp1PnDCZsTyreQzFAlPYj30SGeP1cpXg=":{"valueMac":{"type":"Buffer","data":"hhp4S5nZOPEjCtrSVufaUgOK3PoLYhQo243CyaYYvJ8="}},"UevEg36aljQOyl8wjuV9Nl048YeDNETRyQwMuzCMHqI=":{"valueMac":{"type":"Buffer","data":"8GtF7R+Q5VN6Hzt4jInKCslVQJ3asmcycXBmv3yWZhs="}},"UudD9qtUxhNHYw1EMjE5Kbh33FQpgwtzeZjMUpMg+So=":{"valueMac":{"type":"Buffer","data":"lDP/+HJyVPkIJ4njXMKpEmq4Weo70DwuXueL0zxTK9Q="}},"UvvsXyYgDZng2O0CpKUV7huAKfYMo9EJuqOCUga5rtw=":{"valueMac":{"type":"Buffer","data":"j0rziLZe1KJ49bEsQgdS9X8nktGxWAqYeObqrNWy3o8="}},"U5g2itByVP986bSdXokso08Sz+0iuq8oaeTD3m2bCFM=":{"valueMac":{"type":"Buffer","data":"Nt2uDafJ7COciw8GMWuB5tHLkyrFqOiuMYWUJ368LQM="}},"U9WMCVM7N6FDWOrNSiL9tNPsCURZ7GpbdRjwZ8t5ioA=":{"valueMac":{"type":"Buffer","data":"jpvZRI5ORLPWYbuo/FPJiTs5IwyLbK56UfngSc9vZXc="}},"VQIjyM1Nvra2BQ+bu+DJ3oUHGSGtMKXuAbOYgClWrGg=":{"valueMac":{"type":"Buffer","data":"0CSgnn72x8xl5cQ/OHhjiMmtta05iohnDrDGxTA2QGA="}},"VSnBfwkRnLMUhUxmHFZEBDU65pblPYFDCPnNfNdpLgo=":{"valueMac":{"type":"Buffer","data":"iEHMDez8EPkfcU/YqMCzB864BtM8W8I93NgeM+J1R9c="}},"VaKx8v4tmH1LGLBuPjUJitdwFqTwo8opQXhTmnDQbpw=":{"valueMac":{"type":"Buffer","data":"IjQnP+HqVOZCQDfTt7ic0K5QYdXZO3XaiS3X+4KLroU="}},"VguSJtfBt7PM78t0TPXu383n/i6UBIzlBHemJJHOZGA=":{"valueMac":{"type":"Buffer","data":"AKNM5aOeWHcxenDi+ww4s2sN2jWGurOAsMcbilultQM="}},"VkGD5B6Z9gGx2zQqYFPmUMJBy6cVSMtQ659NYSSkJZ0=":{"valueMac":{"type":"Buffer","data":"4UQTad2JcwQ5a9thJt2wpKnm10sk3cFVGKA8en7SKng="}},"V75s2D/ps5s23B05NwLitCXQvGKR1pWNdJRRChWTN+I=":{"valueMac":{"type":"Buffer","data":"TR2CIB5NHVuezEWAUBvw0TGrvUbnpQ0P7oKX/OZrO9w="}},"WAVXR7gVZ1PzuwFD7/voE4yq+DUJKRLmycdMUO/jjdM=":{"valueMac":{"type":"Buffer","data":"WxUOqldKZooEgBvPq8G/5rTo/tq/o0RAzjs0n4h5sDI="}},"WFwUHVlySmwzdbmnhLVFQr7/6rkjipPKJ5S6odidgIo=":{"valueMac":{"type":"Buffer","data":"kj1kdUEfKqLBotFn0RREwpPRfSUcpdW3Mv5QdfwmNvs="}},"WJ2PVgEJlPk3jEqmOJN/tiTYWP1bAugdIKibYSALiYg=":{"valueMac":{"type":"Buffer","data":"2ypf3fXoH3L5L0lbFbBj+YyAJB79rQOrniWe1OifWLY="}},"Wy4zzdTZZ8n5btwv+NAuetprPUqqOHGsJYS6WpH0Phs=":{"valueMac":{"type":"Buffer","data":"Q22re7EcKsAHuhwBlwyJ4x2Eu69vaDs8tZL0fexpGLs="}},"W0OGUYEyA1nJVu3KArRIt2iZCxci429r7DQqVEu7OP8=":{"valueMac":{"type":"Buffer","data":"PCRsWqss6EEQlnTvJyW8ANf8Ln6G3WZTsl1e4r/yHE0="}},"W0tkWVd3Ure+OhVjz7FLUo1Ne314ZINJDYrEN6jZBfE=":{"valueMac":{"type":"Buffer","data":"Tc1NZ7bIr++XjkX33nT/cjF2VOnEb+hXwJdr6N0by8M="}},"W5fnr849KryXcK0WS2cK5P87XZfTnhIRyj2PaZIPi/8=":{"valueMac":{"type":"Buffer","data":"JJSmxkEVAyVlIXWw8YEihPAtQuPjrOSV7/BNZrO+jrM="}},"XGQWD6+RbWNoir6NuMybuqu+Z6uO3u5s5qjZB9RxVg8=":{"valueMac":{"type":"Buffer","data":"EWu3GmuO0FNJMQ2MsPNajKKNGfNvdv29A6ecKyrJ91k="}},"XGyRMsr4KIh7h03nruL5G6TLGHzJLN5QuIDy0KgmQsk=":{"valueMac":{"type":"Buffer","data":"FoHNni70aSxQ6ePXKcJwi5ivGfqahdK8psM+mwkbaw0="}},"XLWmrTW5Z2637V0s972zPFL8nPw2cPeBJw+NbJLB6W8=":{"valueMac":{"type":"Buffer","data":"MvRHBr3LellN36FyCSXHtqZLCmskovfvTaMHpwr+0XY="}},"XVp7hk2esWufZjYJQpyt2TaoxvoB2bwtJD/ej6/m9WI=":{"valueMac":{"type":"Buffer","data":"Sx6TeJxRBR6ZtCQ08i5ILGjLQtAbWTvGudTVv6jSWuE="}},"XsiHYwakvQnD3LTV7QfGM5cBoTcr/AMRFW102UsHacQ=":{"valueMac":{"type":"Buffer","data":"PMBKHlM4Ik3+an+HaRoBlY7g+feWxWTp17vRYjMrWpM="}},"XvYD/uNI8/JNALHxUDcg06SSE/rvtdlwGPS8FvnrqTo=":{"valueMac":{"type":"Buffer","data":"gRAwqNPJiuYszqAZlf1Q4FgFJ9aAliGF/zcQXTiAgQk="}},"Xxks6uNsIK//50m2uJ9tOY5xXZECq0EER6Z+1K5tHOw=":{"valueMac":{"type":"Buffer","data":"gm+CIMh6/jXA1oNSIMfxdg3Hj6LL+Y+FFxkBjCFEIbo="}},"X6J6TZbWlBr6UJoCfwVleFlsnlPkbUoU5n4mUcJXdBo=":{"valueMac":{"type":"Buffer","data":"50q5q8zPI1cy/MVBT8xD4M5BrAwYsDl2ovcexdC1TeM="}},"X/eULAxJmWHCmU1rEpcQEbks9KWc2QwYSz5YNw7U3Sc=":{"valueMac":{"type":"Buffer","data":"anTygP2wvrLm2aqR0WCBQHRV2WKDNukkWuqGmlfaPqg="}},"YXL4kKKEF25zgaO+n3oc/1x4DPs0DRidJ9R3KRaQrYE=":{"valueMac":{"type":"Buffer","data":"4QK3VnQ6KBerb5THocXGbhZUanKWC0cbWEmBx7rq3xI="}},"YfFsmdVzbCNxG0mmTXgZK6zrRKmrn11neJSsPRPyttc=":{"valueMac":{"type":"Buffer","data":"J7WYNeZyNv9v1hx177ChIcxmewf/WcZUDXRDMEuYXvA="}},"YiBPLHJMV2XBpkZxqYaPbSS6lc4X9h0a18bwIySKDL8=":{"valueMac":{"type":"Buffer","data":"5vzaGmTtCcn3jp+r/7kSnPe8vjBg0BRHSH8zBv/4E2o="}},"YpSI1MwZcnhHDzlaPZBdZMBUeKptVB6j3Hkn1be23vA=":{"valueMac":{"type":"Buffer","data":"7/38kF7PnniT3Q4qrL2umKCDvUDtttGHz5u39EC56ag="}},"ZAqsUc2i65Xin6cUeGsvxPqKDqKXvBbauU0lYD84BuY=":{"valueMac":{"type":"Buffer","data":"T3sXXmYfXwQasG18wNK3kB68o+E9ODXHrIHcb8sZgOM="}},"ZEeu/wfcZ2zW2+uvGN2fB013yxEisntHhO/p3b8barM=":{"valueMac":{"type":"Buffer","data":"QJ2hYlb26NJ+yP9tpU49YdwfHcbXk7x9xEEzCBugZ6g="}},"ZFbclTY7s2vPvbP2GCxehx1ic5i0N+pCwmrjqNXgM4o=":{"valueMac":{"type":"Buffer","data":"zYsoAY+s/STZ0YdfJ3GepL+N+xZb5s71lJl7rq9dmlY="}},"ZR+5RKt+THYqCFY1vuAvNGHdS1N4wU3WgEp2aBdnhgM=":{"valueMac":{"type":"Buffer","data":"YAVS6IZcvyuxe1AeRwjpi6Tpv5++MdITQtoNhlH1ndA="}},"ZtcOGpLjGv61uHhKaDsMpYRDOnNTSiBQuGmc24RcU54=":{"valueMac":{"type":"Buffer","data":"X9e0ytX7mAGscHN1oCCKcaUOAcZLsLcmmYdkKAdMJGE="}},"ZtwpIXdTnLv1/LzXCyom8uZPMTGTMr8MlfK+kTSVrmg=":{"valueMac":{"type":"Buffer","data":"iX54WvLgPhWiwYn/qoLgS+AocsnuOy7cs9GxDRPvblY="}},"aD0ptl3HWgR5U2hZImOYZR9D7WLUuP/707jW26Tzu7E=":{"valueMac":{"type":"Buffer","data":"1cOWRyDJjXFOAgFHQeKkWpuL+tkz7N1A73XcoAfrvhA="}},"aZ3cwyZ+DT0HB3GkmRjYcjPIqR2noVjJLRWpk6iwEwQ=":{"valueMac":{"type":"Buffer","data":"s++cgOKuLxjlAIpufNl7duWGZgAEfv0iCXplAL26Y4g="}},"aj6oWpCfAjDX1hJegLTDJJ0J8ioQHr1bQK6xAP6caaM=":{"valueMac":{"type":"Buffer","data":"xci6kMty94LCvnCzkIEhPfujlAVlq/LqEmFmBzZdwO8="}},"anB4YruyXnX0Z+tBscLqzJ1Jdopums5W2wy72AtCrbQ=":{"valueMac":{"type":"Buffer","data":"jPwfeA5qtkWEJoC1UKlLWM+CtJNhEWkhLH9f7rrX+hM="}},"a0ZeiWB1csSs2s5l887GN3+Y0i6joFt1r6QfFGYvSFs=":{"valueMac":{"type":"Buffer","data":"SB8PeITkfPwOznL2tSvLz9sHfRwhl/TnaGHNTUi373A="}},"bENhGuiJPgpRqwWP8jxT/z0kyEV+joELIsseUTUaGF8=":{"valueMac":{"type":"Buffer","data":"QZyrYB6vJQiRAi4ZzWVAi1/VmpwEIuSlLm50dKmiiIE="}},"bLADi3TOwXD8FTSAYuzIx8fGjfAfeD/50t4cGUL6AIE=":{"valueMac":{"type":"Buffer","data":"o1tTelAxfg1Vf8cAtokw/KMdBOBC+vi7Vk6WlGRVeJc="}},"bVJ7nhxGHW+frrEu/qZMyoYFhZhnBmgivC7is+V7LTw=":{"valueMac":{"type":"Buffer","data":"Qg1VvrsU60D7Mf1b1bjgTzJ8u7fM7vopvGsQt1b/v9k="}},"bXFkYUGGi4U9B2tjb6Qs4jl2Ne8PAuFXguy+3xcQmg8=":{"valueMac":{"type":"Buffer","data":"vgetuxMlQlhUG24Mj01hR9Ao2mXeLCM0C/Brx1AjHY0="}},"bYzcSFlPjzb4IlcK6RWfoKIfjzbgTveN1pzGBMGs6GA=":{"valueMac":{"type":"Buffer","data":"t5xshqSG1XZCRQ6bCU8J+bUmKhI6GWzr9dXDcMI379I="}},"blxlfXAG0VhhpOiRmQFeBccBvnAagLLU722/AfBugJo=":{"valueMac":{"type":"Buffer","data":"wB5Lrzq6VTGSJ1Dk5ckL3upRTKQYBNHTTiW5oTQkGRo="}},"b7nmNhySXFyMJnQQKDtFwZcQt1myDYj/PvsOxKExlNw=":{"valueMac":{"type":"Buffer","data":"qpbF099q9y1RlRHDagLP0qKDtVqRJ2cbDuB40/6XF0g="}},"b/2RD64H/UKnvnpKxr8HdCJpjbx3RPXJrDCGrTdBBYA=":{"valueMac":{"type":"Buffer","data":"8Uq+PdyqjYr5cEar2qHtf3Ie+RoP/afxKfMcjecIey8="}},"cFEBcuGKv32QrCPMTFGTqPxGMgY49F6U9pOeMWEIK6Y=":{"valueMac":{"type":"Buffer","data":"j/Y+emhxLzZDaHxRpUD4gUiaX5JRIUS82tgkaLP+PDg="}},"cKtNDM5XNCsJHp1PnDp74/U08vQPVct3okEXT9mIx0A=":{"valueMac":{"type":"Buffer","data":"A1Uhg2Sa8RnpUbNuedT+hln2ySuHVS5NJ0jobvEsfFY="}},"cOghZC+RShpZPpsWriy+N95vApERoGY/QJwWXLUoTBk=":{"valueMac":{"type":"Buffer","data":"rOEE/tVr1VFIMDPPH3q1gcVzLem6DJViuqHu1geeduQ="}},"cntJGNyFDwqYxZEs3FAlQX0B4pb/ILUMrpZzrL9Ie34=":{"valueMac":{"type":"Buffer","data":"mQUk7DHaQJppE/mvIrg+Mhgv0j0ys1IXH8RJxkBAHA8="}},"crTfLcTMSH2mo2Np/V7Emm0Ynw+98cxOaGrwQHn7wJU=":{"valueMac":{"type":"Buffer","data":"pz4bij3cZectw57w6m06k8KfWFU2q33W46lTtq5o/ac="}},"c2JiHFZIk4hoivmejURT7tTd13hlWgXRm73z8xNjwyc=":{"valueMac":{"type":"Buffer","data":"GHT74zqSDgrERisHnrJrUTrjVikHWpC6343HPY4ZzAE="}},"dMwDh0DBcxI6Y9MM2aZSNihu7GrVxFiht68MDI1+Ao0=":{"valueMac":{"type":"Buffer","data":"R3PHjd/pclk1pBjZGjZNzyYNRuwe/Ama1qhauwKIvrk="}},"d5GktnDPPSOEUMrFLjb45Id9Io4QDm5OF7FTVA3YtyA=":{"valueMac":{"type":"Buffer","data":"S/a3dT+7mvbHPyAnC6EmDC/ETxImkz6cNdAmcr1B7Sc="}},"eZjCnfztYs7e3S8i/Pk7jXziStemm4eivqVrk9ktOyc=":{"valueMac":{"type":"Buffer","data":"ZtGIKzSdqGHiN8hW7RsANv+kfMEEziuSmDAiPHEI4pc="}},"ekNUE1sf/SMeTUBVDQsPQm0+SVp9fQs43o7EYDcaUJQ=":{"valueMac":{"type":"Buffer","data":"Ta2fdIAv4CPl1n3VA+N9YQ0RwOSxlbpFLcxbDvXeKWQ="}},"e5IeM2kAfigI0KUKoomEysTNWVFisFgfbFcZf07D38Y=":{"valueMac":{"type":"Buffer","data":"RG/HBNdnnVvQWJYTS4Q8c+AZC5rMtkjbNj5XBN+kYPQ="}},"fB3dXuOHB4OxcX2T+xdf8AXhUVy7l/DJQuMX2fkIRD8=":{"valueMac":{"type":"Buffer","data":"8BWB5neV1kVMcLNYxyaRNP8Pf5fNe+XVMkTIWChZqPQ="}},"fHjeTNGPOU0VdTUb0ArxfaNHdwj9ucIvbdH2t5h+gQ8=":{"valueMac":{"type":"Buffer","data":"8tW6qYc4sQRLFyG2PLuGDyH3N0XkvkJXB/5nntoNfk8="}},"fKe0NhQFdsGNRD3KiS1pDUVY2FPj/2Pqo8S5h4g02KU=":{"valueMac":{"type":"Buffer","data":"Hp4MKqBARWdDL0hTcTfhu6C/hGcen4wzT6EdlAY/P0Q="}},"fLZPIbj8Zqka48KBbWBzCdPMgr670hLICpBiteSW2co=":{"valueMac":{"type":"Buffer","data":"MK+SuEjiDDhWrieq0X1YaW6if3Ip7/OnSmQ4F4lCMQ4="}},"fPCx16CEM0QoVCG2L5KP9kY4sby/KtdQ0NvhVVLAG34=":{"valueMac":{"type":"Buffer","data":"oq1cKw37kOI8Iwww96iQaeh0xT/AJVJspoDzEzWazfc="}},"fT9zwSsptpxBJRerreraxfEXMtdLVx+aOMW5WW7sp7o=":{"valueMac":{"type":"Buffer","data":"qh/E0FfRiBZ/4V1pg+vzG//vA3Yz5BaUyXgmNurS5oQ="}},"faXZb6FWC+e9/jwVg6AVcS3FC2K3epfsbjMCJFA09qQ=":{"valueMac":{"type":"Buffer","data":"tDwW6QH8ZUNZHKeKuSRMpHMV34uPC5oiqODcp8w0QxA="}},"fhIv7luUPvPpeo4VdXg96JsKv3E6nMrZnK40TVHQHio=":{"valueMac":{"type":"Buffer","data":"obTG3povD43yhcSxi/yW8p4tQYYhfvyMcwA2nIKbaKg="}},"f3Usi/rsaLRBGxdX0t9CVJd8cjemBxlLXSJvX/8Tg1g=":{"valueMac":{"type":"Buffer","data":"ZDORvn4o19UMCPjlHbuVQY0VGSLjtozVtp9ptZ6sIwQ="}},"f8dNIehAoXOuLJJVVI9PUzjmbXILwfRdD5oLEBDmgiE=":{"valueMac":{"type":"Buffer","data":"SUiUvTPHaCP4sQzvi4qNU4KS1gCB4wfew6UukQp84/M="}},"gZEozlyTEHl3MZ8cTlcBLZJrAiyfMfxY9/ZuXwl+Zi0=":{"valueMac":{"type":"Buffer","data":"AL9FYd5h06CNjMK5GA/0UqtuM84YPYwugIRuuYU+T4k="}},"gZvlKUFfxGEb76CptEr5HK+ux+dTy1jyvOeODrXZNNc=":{"valueMac":{"type":"Buffer","data":"h9AoXNq5tAwDCPSRY77SaLEsMbSavVeYFOdsZ1yv1zo="}},"gra/3FJRMpWPlKuRMYMELD/SBVhbiGvvM+lIAxsDMTg=":{"valueMac":{"type":"Buffer","data":"0ZKWhUjRus6Tibi5SvnnjmgEUFCXD6yzmEpb7GjjMfM="}},"gw0Gog8lFl+Bi6/2wcEQfJOfgvj4UjToD5xQXzs2UgU=":{"valueMac":{"type":"Buffer","data":"1aHOKS0wV72YDhDOAnSMd+L44PIaZ09nBcyfTBcQuZA="}},"g38TBUVUx3F3lM2GjBq6nlvSxORgXLXxWpageonc2b4=":{"valueMac":{"type":"Buffer","data":"DsqV5keC24UM6sYZ/LcGQstuLWD3HKpBtso4uy2iTXQ="}},"hCutQdXdWoXMe3qxJxnHGM10W5a5//8G4Y/HH0JZlwU=":{"valueMac":{"type":"Buffer","data":"o7EB4SKD77719/KRUSouN7CeD+tUsjaR26hbq1LYcpQ="}},"hOtzLhXJph/c+AJ0jUk7ql+d55MJtVTNKnZo4KGqJ2o=":{"valueMac":{"type":"Buffer","data":"TTdkCxZxQ0Ati5M7Ewb93LG2/34sbFCv7W6GX/FJoWY="}},"hXdi8wqfThQt7x/9ZuCu/vX3Pk2/WEdGUNMdjH+1+2w=":{"valueMac":{"type":"Buffer","data":"0yuG1nkIdsPYk/pKjSQRWq197Xels4k/xk/ifXSlHdE="}},"hueNTaw9nroaZijJEjKZN4EqGw4qtVOEN3JX34C+1PA=":{"valueMac":{"type":"Buffer","data":"xQbyZfPZX60HIAUQuX0i0krcv8k+trY81tX6edsNvPQ="}},"iMFz3MIfwpHqIf/COhzgZhf4JDtCVr7+nQ5bynPF1tE=":{"valueMac":{"type":"Buffer","data":"7cPWU9/rv5flAEfZqDkiL/ZOW3t2+v/yRXdqcHtV328="}},"iWd+Qva/T8zAlitzp3tUkjDxcpEQfAf1H8y8uZ/nHFA=":{"valueMac":{"type":"Buffer","data":"10c4fxZfnPYNdOBbuuHE2vK34inYnTNH+2zX2n8bw/g="}},"iccjxsQmcUXLAxmRKadKqDKW0OoGKyqCFghTUHCYjOA=":{"valueMac":{"type":"Buffer","data":"4ScVfhCWEmi/xkeZhE91MsQAcyA6DEmkeD6OrrqYJ1k="}},"isypf+6TQxCSpPUKFRDVJdmGecOqSollLXR/K0sv0d8=":{"valueMac":{"type":"Buffer","data":"yAkG+FePimmvYzRNAuLC+583s79C0ubMo1ynn1vRzQE="}},"iwZIxGhbwQpRuEfrht+5FfIinH0vfjeWPpiU7q3ZfEk=":{"valueMac":{"type":"Buffer","data":"I1xL/9kQ8uKfAzojnpu2uoHdKzyau3aX34JDFH+kIus="}},"jALc16hqnvmsIwCYY7XhEoYPS3jRzyZph+RCe6Nb8Mw=":{"valueMac":{"type":"Buffer","data":"/Q95j7FpyRdsJLiNgCGRhBlQUOYGPFRVw//zzPVND54="}},"jDWXXg/sMYfVOH91cQ8RWYyHU2fxEVO1eHAAecwCajk=":{"valueMac":{"type":"Buffer","data":"qhAliKq3kmFUiEZRppem8RENslYfRxG6nt7uZz8HjXc="}},"jwfCQARGrMnmYq+KrUVBRrkKhenv8gB3YdBRwAtWo7U=":{"valueMac":{"type":"Buffer","data":"AOZOS2+ik5lhrG8dgZdG9OCv36RBbYmg8jpOf54iJOY="}},"jysIWfOiZMPYtURb4dF0ChH0p4r/sGRUWS0gToc/f+M=":{"valueMac":{"type":"Buffer","data":"hifOu85gM47aucIs8TsGQiEKClqXhDT5hHoAb6aA7zc="}},"kLX7lkCXhqR13E6LDuUGyCv2wcRHB4mPTB5JbdVKm0E=":{"valueMac":{"type":"Buffer","data":"/a7qt1XfnUFb6TxVT2wmLye6PIze/o2F+ixIvy3vyBY="}},"kQf6d/K8Cp5bFL2IQccZGPPjFcIzwhaqbHb2X7kNYqE=":{"valueMac":{"type":"Buffer","data":"FRRCm73rthpWH6w883jdbU6fanTM5PvdSqDNS7AM1OY="}},"kbagUssdJGkr+BysQIidX71MvySx3CcAIfAOp+UqalQ=":{"valueMac":{"type":"Buffer","data":"OxrKYxqs3rzrMAzvRBIAatIqhBzOdkZSiZG5BHx0DUo="}},"kclQhi4PZF6179lXUkTtqI2P2COsBX4cdyotpEN8c7U=":{"valueMac":{"type":"Buffer","data":"IioPq6WUaj1eMwRm4H9vtjcNO2QaNPONKVgkOOuhQFk="}},"kkgXuuT+QCB3R5jeQFO9lr7x1cK0fxI9f/nei4PTqjw=":{"valueMac":{"type":"Buffer","data":"Ifm2sGWAi7WQI14ZKoegBCZmJPR15HvV41Aaqfzf9c0="}},"ksr1i/KrpwbJJ8ZZ5yJZ5dAjYPzMMmIMyoQAqAFRw0w=":{"valueMac":{"type":"Buffer","data":"iiQ57GMiDPYUutR5UOBMH/3cnUpT/ZvImpRUhZqr3Vg="}},"lUWsIV7nHJudUQOSQlQAM3oeM0ryl5iBf5l9EyMvrLI=":{"valueMac":{"type":"Buffer","data":"2pFBFR1vn2nGLSuYOsBePVdNzDQVfo9Or2mk3S4IlFI="}},"lmFwRUOaDb5RSFHXUUrBW44ZW9O9XfMYfKwRQI4ZzmE=":{"valueMac":{"type":"Buffer","data":"H4vSV4kxv0mDgxrkQPv4jLYLjsnKyAZwV6lFy92xCaM="}},"lmoWyyWlybBsY8Wtp5mXX6Hor6xV9hZPQUc+2KE+LU8=":{"valueMac":{"type":"Buffer","data":"VnNU6e5kF/CXn/YinILNAB9UUZq/9MfhTuZ7QrtVoBE="}},"loMasLYotEHhaXQOd1M6Dw+siMONUCB3kFTCBodJulg=":{"valueMac":{"type":"Buffer","data":"ZXGxxZH6JCwEFhQygsYTJhnPEJNy9nPirD+NPBCdqpE="}},"lsAI/rrlsPj88qdCBKK6vWc5xV+bS4XlOY2uZDFZbug=":{"valueMac":{"type":"Buffer","data":"qJfLtsdR9hXLZc/5qcW/zNYscsCyz227eIu4lZeBn5Y="}},"l3entSdLEpLqNwIkhFyqbJ9O+M8vWbKkRpUf5MbGn3E=":{"valueMac":{"type":"Buffer","data":"m0A/yIxzEqQii61Wy7Kk1KjzbGZ0BXhbjrSGZW6H4ZQ="}},"l+eDrWSFbZNSEC5e/DOqmyFa4dYO8EG4ryIMmXrYHYQ=":{"valueMac":{"type":"Buffer","data":"GWooucLgKU8hoH9foPxQ68Musku8OW3wmtITq9LhuWE="}},"l/3l3T1i7OW+Ko3Evv6Mg/IQAwfLVn7Un4EURIn8kns=":{"valueMac":{"type":"Buffer","data":"iCkqruY3JUPRZ2Uqp3wHV630/FuZwqiGcIkL64lvRH0="}},"mI7pKAF23p3Y9B7ZbXxXXACWgjVoc3fIQDoSbDrZErI=":{"valueMac":{"type":"Buffer","data":"FhXFrKKF4e2L/JuYz/FXEF8CouuFaDyiYWTxkHWYuJU="}},"mtU1LrGBaY7ppSf1odYBmJss2Hxo/L9ayHdn5IpPj9I=":{"valueMac":{"type":"Buffer","data":"ZUdz09Cyb9GHkK7TRL+khiqgvCC08hZ66U9+05NTwFY="}},"mzv7/3ptqzluiLEq0ACy7Dv+6Ufwp7tOD5gh3TSXw4A=":{"valueMac":{"type":"Buffer","data":"qoE5Kc/ZTpBDEiRESOvTLFp94CAbBVQUb74D8Y2r1G4="}},"m7AFHQHc1EGZEvtcJsn4+RnW0/gTDQhPUnNrYZCi2wI=":{"valueMac":{"type":"Buffer","data":"KLzdgjhzcjyfOveDIvtWe4AO8M8voi7q5fqi/WXglLg="}},"nSBKdgn7Xn0Y6S28OuDYlYnVI8KTVTmE8x6tZyRVkzI=":{"valueMac":{"type":"Buffer","data":"Csz/9vfWAgjbaPJaWiQUeQRk+vQdeFI0BgqgiNqrKv8="}},"nnNSbDMkchYt/C6wNFeMZXBH1QxYUhEDQnB6H/1y40M=":{"valueMac":{"type":"Buffer","data":"akq/XnXcX0rViuUSx1xW7w9KuUvw+baYsB2RDRot6Ug="}},"nvSWECzu5BBPyqi5yTeff2/in+z2cUH5jzhV6JjXsxY=":{"valueMac":{"type":"Buffer","data":"cws8q+T6grkqSUyHcD0sFSs7WGnOQuidgnGSTEqrucY="}},"nxqbJ4ZM2j8lIVMX6JEBYVuoWDjYUpCjmRJpmpuTU/s=":{"valueMac":{"type":"Buffer","data":"QT9EWhIRA+PjNteJ6zd3Y7BFqljj1po1JJ8Zl2TGXqw="}},"nzsE2NNZ6D0OvkY6p/v9HaxH5kosgW+OZggI21bSCjs=":{"valueMac":{"type":"Buffer","data":"1h4WY6brvjl9XcApLPordm92Y0MVx33H/0KHIiOdWdM="}},"n3UyAk+DqIYQyaZInl2mEbHTkI/bvRL6I/jF2aPtbYk=":{"valueMac":{"type":"Buffer","data":"S99dcqLIYomjn59T46sorhS/5lKaP0v56IIQhmksNK4="}},"oGZ7muKpp+PtTv4apk4Z1AplAZbYtxILJmHCnFj1cCQ=":{"valueMac":{"type":"Buffer","data":"TzX8LMZ3pyO13os3Dp5W9RG2udc5DSxVsh3vFSuK2n8="}},"oSUB/uF7DdqJdqD3bfGRy0k+PMbUBaVcDF47wLN8JWU=":{"valueMac":{"type":"Buffer","data":"xDTLeF+hxVzSni3MepuWNtQ7nXixk3bddLkxUXx9ii8="}},"oTpO6w0/SahCnFmMabzEZ42omiwbtUN3nUN0N7HJd+w=":{"valueMac":{"type":"Buffer","data":"v3suSwHBsq5Ooo2MN04//dqPp0bSibL87f/rkHVi+JA="}},"ohhhradzd8NdzYm+F2McSWwrT4bbozc1gbuKATBlNx4=":{"valueMac":{"type":"Buffer","data":"fzjN2Sh0qNfHmXaO5uWZCWeqiOHlOjlz3fXdZ5eFtv8="}},"oopnw6yBAizwMXQjBCoyQLXiw5jCm7J2C7k0wmY5a78=":{"valueMac":{"type":"Buffer","data":"91ONNFPo1k1AE7gDZeIiPjFPxmi42cBB8g/PK6ASTTQ="}},"ozv1h5kj68+zlGAKulARgyJYLoe+3Lj6UKqw9olTSsw=":{"valueMac":{"type":"Buffer","data":"wk5vs/l309/tlYT1Z6foLVNQUc7NBW1jEkaVvSIqFx4="}},"o2H64w3/vr9ytjsYd3ilV0BW0rMtpu2Iza0jZh49XcY=":{"valueMac":{"type":"Buffer","data":"eY9oEK14voo6Yo1aJOW/9KQfDTlvhPh+yvmHwoDu/Zg="}},"o7PvBXj811k6aXJjJ/TZvIEaocvu9TJLoRmo8y191XQ=":{"valueMac":{"type":"Buffer","data":"1IRRp9QSX9t1mqvR0ztPla+ZVDfKcYp7FQ/OLQ6poMU="}},"o/K9lCEQJ3IHF5l23mqxHnmDK2hncEdcv3LjSMzfbEI=":{"valueMac":{"type":"Buffer","data":"B2KrEkBXhME3E2PZygazNsW/yFNAWN4ZMGr8LthXDq8="}},"pPTSUFJZdBkcXlduqkRLzD6yBJIuL9TEF+8rjdIrOSk=":{"valueMac":{"type":"Buffer","data":"Mzy2qIv7EvPca7+4apDKK9Vu1td9Oh9Q0YsSOzNohGU="}},"pSvdbnoxz5IPMXzIy6Y/v36YvAyfdS8bbNqwP38qQMQ=":{"valueMac":{"type":"Buffer","data":"Eca/RzIjfHDKB4qY3D9Xt9vGM1vWb2BMe6kQM+VrHrI="}},"pVzJxhmgRn6RFjlVn4P/M3NNdiDiuaOYFGfFKQ3HzD8=":{"valueMac":{"type":"Buffer","data":"PIdsHbGOT8HPmU2lp/lrTN3HHEax1myjgt0BgwMij+Q="}},"pl4RUu+z0xOVODN6VTTUxu5uv1m4H2q1ylaIaZfy27Q=":{"valueMac":{"type":"Buffer","data":"M/udkY2ddzPoWA4P6tNvUPquUTkPlruMJwhNgfzuId8="}},"pzo1PmM1MRUOAbSkx4iTsOyRpz+pDCKQD9zYrNxhQbw=":{"valueMac":{"type":"Buffer","data":"hKTs69EuivdNx8zw8YnNQOEsLpBm6Lz6AN/e031IGNI="}},"qZJZYsvHETBMZeUz30S1djFrCq6tA3L41TF88TeMdyU=":{"valueMac":{"type":"Buffer","data":"CJbdvq0Nof4zZ8ZYnT+r5WEhi2D5YP6fDos2tExu3v0="}},"qfY8OSvT4yQMTWWJ5l68zy/Qx0IIPPmWNWTVbyC5j5M=":{"valueMac":{"type":"Buffer","data":"uCrBLwf07VtDGkCHeJsTjG2/PKKR5Bp4UWVRbK72vtA="}},"qlWkUjS4lgk5LQc7klirXbinQcDkHnrIEIvaxxpAXIY=":{"valueMac":{"type":"Buffer","data":"GzxYMVrlL1zRyEpyda5UmhUkYBD1wy3elND29LCIGto="}},"q6RUKtJyHSBJVliJgzN6f23BWu/zn4tr/AXmtgv/uIc=":{"valueMac":{"type":"Buffer","data":"N3NsoAJFDpkv5d3d4Wx15gOgdZ/eTmiSaagInEUjp8Y="}},"rbqXDVeAOL77/7TmMcbTyekqi8yoZ8ut+YqRyj8gPOs=":{"valueMac":{"type":"Buffer","data":"a94xodYq7oC/cFe0TBfVSwhlE1z8KJ7D5xO3EjVM4xM="}},"rfTWnZsiBqU3R6KeQMwbYRUgQLCYIYUkoYvqgKeKAGU=":{"valueMac":{"type":"Buffer","data":"1S2hb7Hlp81waSwr0ROlWmBVDKkuJlOLcRdJtkNzqgw="}},"rqo8pHktDrYctgazqr/F/MYqezgJd97oTEOnMHdJf08=":{"valueMac":{"type":"Buffer","data":"vkAPLXi7xyASLHzG9fc9FmAmdPgaXPVNMbzQpJ1geE8="}},"sHLORstqXo5G36wi1ElTLDeGZ672Jr0cl1Y2qEjsBj4=":{"valueMac":{"type":"Buffer","data":"vruyLNy2fN8oLV3pF1Y8lr3QKXo9VLzC2OkofDgiUcQ="}},"sX6Hs6LR53b3aD/BhMKRp+Myw53UVQRna7FJnNy1/1c=":{"valueMac":{"type":"Buffer","data":"K32OJrhlEqAAnX6wSGBoM9c8OQ2ZtGifeUBb4ss4sqE="}},"smVOIRMfKfnrVygZBbyytqKrrQc4DOpZzAPP/HDn+A0=":{"valueMac":{"type":"Buffer","data":"udSnJSZpwDykING4cUcsgKD57R81SPMo9oSUVZFjAH8="}},"stfe17GaX5hfT0GaH29U9DtXxq81AV8tpsKt4+26kxo=":{"valueMac":{"type":"Buffer","data":"Dy6bv7pmpQ1VB4fwdXEqdbVpGVvff0MIaBMPigw9MLw="}},"s88I21+EWGLGp4csHHRjGHKce60bog606jC9XA9U7As=":{"valueMac":{"type":"Buffer","data":"VoNfMYfjhgQAgNqhkH7rPswv2Jsc8vIFfckiStCnxSM="}},"s+GEhs0vUBO8MIaKSg0Jtv1qdaFCtObExx9rNf/U8OQ=":{"valueMac":{"type":"Buffer","data":"MvR/1ZTvqiBHz63Dd/hoVv9Uv63+3N5qUVezbT5RFBA="}},"tRrO2Xrdq1xkDVId6jsTYmPMkNaToeW5qELd9gJq/lg=":{"valueMac":{"type":"Buffer","data":"moXGv9mW0aoTvVuyvUH2TIyPThKjFOjHvw9ystYheaA="}},"tjJ8J1R7MQHsc4i2Ji1K2t8l5LlEEF0D+lvBLMZtVKA=":{"valueMac":{"type":"Buffer","data":"XwL8GYGReHrNTioz18jiIOK/mTKOa8sv1MmVjwCG2os="}},"tn/z+Lc+bH0YBaU4mLqTX3y9XRQmp4lGRKrFBBOQ4IY=":{"valueMac":{"type":"Buffer","data":"EwdpDiXKQBU+QwuW8Fu1eV3FlrdOVkzztiXXLrAG5lk="}},"txXG/aaGLTcuzvwgktTHCPo6dzwZXxuhH8akNG6r0vw=":{"valueMac":{"type":"Buffer","data":"mzHkhisj0BzOohatncGLHzSOHOhlB1adaACZEpsfDT0="}},"uFaoFcgiyC3eRwpTCpY++Q+aEKMyCnyCLFl9Cd1uRVQ=":{"valueMac":{"type":"Buffer","data":"nBQTRdnzM1VYi1rU/YQzFKG+/Z1G41D/SZNnNUlsLFY="}},"uJFIJpZoz9qnuky0O3zR0rEhefwaZKjF7/MeG8UTfy0=":{"valueMac":{"type":"Buffer","data":"Bwug2bUFnCxvZSDPpGI+2LgfIWxraizTXAUdNUBOMms="}},"uQaGgPB3J2hsSE+MVlMBlSN5FpiqsxdSvF3+k/JMd8s=":{"valueMac":{"type":"Buffer","data":"zVrmfYFi3QPsFAc4DW0syLurpFhauvaJRZyellG4EX4="}},"uVvaqrLv5e8U8Fy6w1rkDRzcQPjd3faOjLdm/NXkrxc=":{"valueMac":{"type":"Buffer","data":"VRVT5ULCKAro7SRPKcO36gvOyaf9YdoGfqln0pKQ+IY="}},"umPQXyJruE21PP434s9/ESBu+15auUneiwJY3swcnWk=":{"valueMac":{"type":"Buffer","data":"QPDOdD7z8UJGR280m2hvIAmm3NF/iq5wpU1jAeufy08="}},"umX8y/L6BfrgoLFwwBBqaHBvsfHkCkKwrz+elkctJUk=":{"valueMac":{"type":"Buffer","data":"Y1q10bN2WnBwmWfRpwhS5C5lXU23+gLy9FpjIBHgvZc="}},"utSCdf9IC+D0euIXM09c6KAu14bseI7zddkdgjmey7I=":{"valueMac":{"type":"Buffer","data":"Jvhby5dx/sghv3RFKm3N+w0k7O7g78TWOqc7XL+1t9M="}},"utuKdBVqpFPy/U7oSb3+LoNwdX1ynz4exIvO5FnoMBQ=":{"valueMac":{"type":"Buffer","data":"QIjqhg3J2YtQyxbRaeNVj2mxq0vnZeVmykTrRsVBqp0="}},"u0F7rEsneWbRs8J/6VkakxVlDIPy28j/U+K+AthK3Js=":{"valueMac":{"type":"Buffer","data":"JvSV3JAI3auq7Gzf0cnkY/UWWSxweKaKKSY7Z1zVYac="}},"vEak9ZbC9U+4Tj+JxEU4HJpk2plUJmCsMfZG4PCKtd8=":{"valueMac":{"type":"Buffer","data":"khzYCNUJM6Zmc6NN+msamtvnd2+wtUTkmqoA5qCuyxk="}},"vEpxSjHGhNc1YpuAGzqthIp1oYBita+sLCoHjb46lbY=":{"valueMac":{"type":"Buffer","data":"dVXIRuKtjDehJCUgXktXRKInTIEqcVxSMBPEWlgVxOU="}},"vI3Y2efJh5XjTAhOY69gp0yXRkWqMqOaxQQsN8qB3KI=":{"valueMac":{"type":"Buffer","data":"gh0etwZq+tm9EEafeBhiLC7jyuYMw9MBVxWSXVYvm7g="}},"vUrnkJ18ktmpit27pnqGTJhP1XcsdwfexSZWl5We3hc=":{"valueMac":{"type":"Buffer","data":"fnjWCs5agsoXrt6DUVuVu/DOsr3XEPSN6H4OoH5oGgE="}},"veJkahrjaFGadyaXdmDTm/1CDvKvE9t46B6GmcOU+w4=":{"valueMac":{"type":"Buffer","data":"AyoEy6Ra7W26k0L3VPHy9UFeFh0jnIJAeG+Bj4yAvis="}},"vo1ZOTj3+sP5YGzDg1iItwNuKBIb/Rnq9fhYDXc32RQ=":{"valueMac":{"type":"Buffer","data":"GFcFO+nnYQxL2gvCQan4U7zxX1L8S9pLfsY96bIbfL0="}},"wQjYv6VH8r2VY14LmZHvHPi+PiCLTXytBZYIZbQ3M5M=":{"valueMac":{"type":"Buffer","data":"oKD4QitQjMslYelwYY7sEusbEEQ4ooWp+Qet5Sng90k="}},"wcJuSIBfF2Alk9kAX2PJMWWUDOWgTgoKQh7dWRQiqWA=":{"valueMac":{"type":"Buffer","data":"aPq+R0j9Cg33oVSY1OGc5Sll88WBskLOB0V9DaQuCUI="}},"wmhAPH6ZVZu/iTsI6KZ2V094K/ioKCWAgp6Tk4/AImQ=":{"valueMac":{"type":"Buffer","data":"e7jAqaLxzCmJBby5KK00mL12Tm0iYmeUuXx2ocx1E3E="}},"wnBEcd3rT0iLDaw47+yjNnw5Os084mQ7CKqUITb01us=":{"valueMac":{"type":"Buffer","data":"nUvxGlXA+Qmr3Tlr0CrK8znqf2YoVP6JnzeYP7qomtk="}},"wtC/FYD07n9hHGfp9eVtBCFcYP9BbF7hBzeeFiM8/NY=":{"valueMac":{"type":"Buffer","data":"pKrGeZ0OH0IMG4nO6SMmfJ61KZ6EK7+CD7u6aVhNGNI="}},"wwj+7PBjqO34TUo2BSyi915EF1MandilxBeOSTJO87Y=":{"valueMac":{"type":"Buffer","data":"meEGZ3tWm55DMyfzudCfL5f7omdU4XFY43C1I6bK+S4="}},"xCT1IoYeS7x3g6vhDTyPWfXxYdSC3omzM0ywSaIyPsc=":{"valueMac":{"type":"Buffer","data":"c8ez8abZ8hJr1abgbgvum/DJsDO8trIjPC8E3KR+tEY="}},"xWugpCnJtkMPGRHvkvOOnBx4SAWp9GROX/1Uj/fUREI=":{"valueMac":{"type":"Buffer","data":"XQ5dDjQBq0JbZjPbm/vfqzAbPwvHt9ruFJeU7El2hHs="}},"xdYyrBGkcUB8Vi19pqob8K160Reh0GT0jPPazAjzlRY=":{"valueMac":{"type":"Buffer","data":"cvRLhCti7YZLjCqmQTa5HRolrNEkm5VdVfwwLiCvlIQ="}},"xh6qXOzj5/xwSa15i6CLRsTZrZSk3JdsMoXAbI9l3xI=":{"valueMac":{"type":"Buffer","data":"CZqVtLvjc/4J/EaQTWbXzaybCd9Vxkns8eCGld9Wqrk="}},"xq502pEo4WTN5Wkb+pJaSrIrT6librBvzUfXNcx3agA=":{"valueMac":{"type":"Buffer","data":"XU74DawBNVvcXHtZwi970F9Fd1wbcA0OuhS/OlcE6KI="}},"x/XgnkRzhe2hVPwR8aOl68I8qLqnSHncNBAhJFZP8qo=":{"valueMac":{"type":"Buffer","data":"hLptC40sC1K8q8nVjFL+Xqxm67RiCf72z39Q/HoYrto="}},"yNC0SPYI0+GN0BCD05YZi9y+Rg+UwCpqqY9rwVtQ0ds=":{"valueMac":{"type":"Buffer","data":"0jPoa0dZkGk+mWcD0yPp8DCKRPdvtn1+VS6imGJqNzQ="}},"ybkPKLb0jw7w7zE7oZ2xexMR7EcEvZKhWifFUTuaISI=":{"valueMac":{"type":"Buffer","data":"dArYSJGAlbqyNdR2NLLIKT774pycAAcj7+/HXciKmAg="}},"ywAIkly5joKOtQhKfsSgL0yYGzlGeGFuTTWd7aMrB1A=":{"valueMac":{"type":"Buffer","data":"YZarNanQspujMLO0v69RecQYb1Vjq9K8YGi4DkEZLSY="}},"zD8qWeR0FLZpdl5ap11bKs1GNwFB6o43RrE+hAzgxsE=":{"valueMac":{"type":"Buffer","data":"YW8b3oCe8l6/hEuWpKkL66ECHmMJ7zTSmjdbS6n8X78="}},"zKoyOdqTzSTPv71BZ89hm9K0hItvCOpiBF0rJq4wSC4=":{"valueMac":{"type":"Buffer","data":"bRJGzV0SQHCaQQCLP499ycb9XdG9pZ8LIIUXGT5FJhk="}},"zLZ2vHAl6yiPNzuYyO4vm03tlYjgJUEDrie8cRGfjGY=":{"valueMac":{"type":"Buffer","data":"OrVdiyKztZWNxO7bMYU4sTJqJH3pJgM1ZgweqHbymEM="}},"zaR7pVNh/s+wB+U4+BfHO5c8jxi/aBc8EYZB/Na+5+Y=":{"valueMac":{"type":"Buffer","data":"FFA7uClmDNfN0VI/806DNP0LosvkMMSxsq8K+EvlM+w="}},"zc5sJLZ0FnGEP8Qsp3gkiV8Rx7qiMw49SiOE/0CmpHU=":{"valueMac":{"type":"Buffer","data":"SmKNdDUxqRobiJCT+OhyRNCkv/E18pDBxkMf3ZFwo90="}},"zdUROkeKkHoti0K/KQ1NAokabffA7hafiy5NGZiQx2Q=":{"valueMac":{"type":"Buffer","data":"Oyecnmf7FLDVE1w21vKAhK29RfXy3oS/L7S2wRhnmBc="}},"zvWSoCKKaKUqxWd10mXXfXNE69oxv7OJXGfRfsiSzE8=":{"valueMac":{"type":"Buffer","data":"5kiBTmqrnDve+vS3BzEtBJH9W30k9wnoV2EuKct1At0="}},"z1lzx1ifhCCSZCKxsXVfZJMD374EQc2sEqQExWUPILU=":{"valueMac":{"type":"Buffer","data":"yYANGInNyrveJDTg3NJea2oyCzdbw4jlvge+jYHOnlg="}},"z8guwoofF1r3y3ruLoTd6sEhqjw1Thei3clC8pk92ew=":{"valueMac":{"type":"Buffer","data":"ACu+x6taq7vUjQvrUo6XzfjS4Vxr/ROgdZGo4zGJhgg="}},"0OMdFdWoFrkZw7t6VvSxI2yo80cOmISbHXShRkCU1u0=":{"valueMac":{"type":"Buffer","data":"8LZODmH3Ex88YDWx7fUekgfMra81t6Z8Il0Pw7N0V7c="}},"0mjWFITlQVywhIxw0MLo8JjYo2n3RLz81QpKTsdyfV4=":{"valueMac":{"type":"Buffer","data":"p7pC5ebE7MVxEe7yu7xGE5fSyw1tCaR+w2DQxr7eRe0="}},"0pXixAm5W5qsSQXXAgph8T8JCqwI//ho8Y8SZoEnnr8=":{"valueMac":{"type":"Buffer","data":"l1CphfWhDPri4NJMgurWyMCcZjSNnvKvnPl2OUATISk="}},"0uPMhi7YXXlBBfACmA5cVXnvtpGbAvfBK0sBul6MnmI=":{"valueMac":{"type":"Buffer","data":"l1W0bx9z51PbtMiyDrLfjfJyXy9W+NMO47INL0IiBZ0="}},"0yLwz3OWmze9mlKkJym/48mltOYsMM527OKYidcj++w=":{"valueMac":{"type":"Buffer","data":"GtAVPOmtqPfQoM8YWr/57wAY5rE8xAW6WLRpROpb0iM="}},"0yWkkmj5FTunaIebQbJx+atpppyR+VZVWxQydS3xmZg=":{"valueMac":{"type":"Buffer","data":"klKpmpyd2tO5RR9g7vRtkfVfhzyti1fMDQNqtI9mONk="}},"058qxk2wpN8dImyF3Qx24qTUMZ3Stv4YIeO+eddjB2c=":{"valueMac":{"type":"Buffer","data":"BmtHisfOIYh5cZzqvlDTyeMSfueIvjhodJzymegTois="}},"08LbNeFYhPsxqOAdsHnnLGhLMhEk580UQx2G+lks9UM=":{"valueMac":{"type":"Buffer","data":"c9y5tUNkSJGvvCM14arWzBHEgbqP4BmJ0EpUzYNk5/Q="}},"1LsfvLprhQqoY9MyOXk1nv2qpBr54RVKb9u0JnBiVA0=":{"valueMac":{"type":"Buffer","data":"/NHeCq2ll6EA1UzFgPsbgxE0hPVR2reXRndg5tCn760="}},"1alY9WENhX2sbJWcDqXkoVXiMOmvytuB8YiBjCobez4=":{"valueMac":{"type":"Buffer","data":"LZlakWh2zPZ6OQjYB9Jomfhhfyi/c8qrKGk3xlS0CjQ="}},"1j6Sl+aoWWnYBs8ewzS9UKQfhnF3+Bds9JLp2hpa4HQ=":{"valueMac":{"type":"Buffer","data":"E+Bdy4FwNeIWA4yxWFhuKJMKqmg1irpwX63tQO1jSL0="}},"1vT+wAbooyfEW2fsco+Z1OB6bwHupf9EMxj6WqqSm5E=":{"valueMac":{"type":"Buffer","data":"nfrTp5dn7VGNABzSgDtYJ1gQmRHkznqWLPgq66/+Tmg="}},"14j1lNy2pkmN/z+rKYusO4Dqj5348Mf/HvunEX6T64Q=":{"valueMac":{"type":"Buffer","data":"ydzZuQCLqNg/MfOc1XMJcXR1OG/GclTAIfd5e3k2WRU="}},"1+M2xG1igaL7drPZBEv1Q6lbg99unQOjWuVo+2d6WMA=":{"valueMac":{"type":"Buffer","data":"OSn7nMyYiPZMFuvXOlWjb7/7oQOgEsmgcJKaB/8OvKo="}},"2cyYIq5QGaD0mTmXVFiQn7qBpo+iEFsQ+fb1kHMa0gE=":{"valueMac":{"type":"Buffer","data":"/eOWM+n4Aw+yjriTzrKYaLLX3yLDd2R1U/E0NM+zaic="}},"2dBzipv46LbIJ62ZCxEgJ74vx8WfUB712FgOO/f1W9M=":{"valueMac":{"type":"Buffer","data":"RAMq237n4tkg9a3z3X2tXvCB6+DOLiMysJza+BuoWCY="}},"2neg317goO5VPqUNxhKhb4TwX90SiQzB9JUz6yvDYpI=":{"valueMac":{"type":"Buffer","data":"iPdxSq0FSpexOSmYbZLCpFqgCFepSyN0Lar/mBKQaAM="}},"3E8TTavNo4tt7juc2DvkTEPD0uxISa/KYZ4utNHOsHI=":{"valueMac":{"type":"Buffer","data":"5A+zdYunrVXMcwr5Wlr3/adxJlDrMRBQcTrJCY/2MRI="}},"3KR6Tn/VycHN5AzOBnOqV+doNC7z/WZA6Y7VRbGXN/E=":{"valueMac":{"type":"Buffer","data":"0vEkuZgo/ir7O5+FlgpaqHRKdDWSSKz60j7nRHFgAuY="}},"3g5/jCt3kyOMVdF5odiyiP0qADEnjCr7eqmivC85Nak=":{"valueMac":{"type":"Buffer","data":"ax6qMTPVSr6qNmBjGktGN53Soxg5GSVEb6pwZdbRqD8="}},"3phByPdJ1sKWR/dUycx74Sg3UFG7Zd+qiNwb+7ApCLQ=":{"valueMac":{"type":"Buffer","data":"JgfZ4aVBy1fTHg3fwaccf3qXo6IH1iBbgOeeBiUcrDs="}},"3wXv1IiOZAM+evBeKjIS6FhKsPtYl9TKDoHpsigU2QA=":{"valueMac":{"type":"Buffer","data":"C3ntF6pgXVrs7MhfWycche+rvUcynrsNcVlsm52zUdc="}},"3016EO1ic79UgWYWIBUvQlXxzh8vSBUHYTdUwsq+rBI=":{"valueMac":{"type":"Buffer","data":"h0eU1mQwT5ZBoL85EZbVaUXol9WvDgS7pGAED8UjDAA="}},"4D/uHyVwL/TzqjLLt0dzfr++ghly0ZJpih8HtQfEfpo=":{"valueMac":{"type":"Buffer","data":"b/zSzG2+hTyx4G8bFSChDavLBvEdHSvMWz+Ywi5sBrc="}},"4N5vnFn9ThTOjmB0AaWjNGD00dj35ruZldAL6G1sFgk=":{"valueMac":{"type":"Buffer","data":"CO3OWyvk7q9XHs6OnbBlC+x4gJucttswVS/+N4jKhu0="}},"4Och5DW8V1dBN1LD949Q+8/X3CryxOuoJoGlp2ZZApc=":{"valueMac":{"type":"Buffer","data":"I9lOqvp0buPltftZ5IXSIGgN1zv68dPJMcmzDOmB6p0="}},"4UQFmV5IPtiW+u7ACI3zV67Z3BaCdVTbLvz8Q+BoU2E=":{"valueMac":{"type":"Buffer","data":"7u5CmlrFAFDZNmrA/CN3uhxpzyu7FGIT1EsJaS3CqbA="}},"4UozrV+f2CyA10psBXvR6l7RB/3b7JgKxTiCasM3tB8=":{"valueMac":{"type":"Buffer","data":"lXXMBcHmi+ia6FMyLmeWde6k9C5jIsR7wASTwranYKw="}},"4n4inN6YAdmcRjkooRMJpUp81GWY5PmW/w6EWjwFqnw=":{"valueMac":{"type":"Buffer","data":"Su6dZcCkmODnxNvNeBBkGB8OqsX+LswF2sMtpxflzzI="}},"43EY43UPTI5LjBYVd1T6gSbWALr30fgIbxI46QGCx8E=":{"valueMac":{"type":"Buffer","data":"XSCNE9rAILKremIFE3RPWkvgWNUqhIW/9yZVRY1fHyQ="}},"48Dq52srjWOmt6MARbEz96RpX9ngQON/LNXgv9TXb5g=":{"valueMac":{"type":"Buffer","data":"D+Hs15PBdGK38ZZY9JQYc+NOrDoQtejMniBFzGqwuAA="}},"4+nb3KmDB4dV37EEevlWWpV3/MaOVxh/bz2JrI8nmp0=":{"valueMac":{"type":"Buffer","data":"klmC2Tdg6iyKa0AnFJ8MklGWSpPanb5JXPmBfYIZ0h8="}},"5MKzlKDKg9YEznETSGn+XDDtdp+GrQp5CHT61VHivX4=":{"valueMac":{"type":"Buffer","data":"p/EQe07xLCmDZleR/hUsU4W/z/i3kv3CGF/25spP9x8="}},"5TVpSi9Uff7wJn6nAeAcK9A3whMJLbdWS5JoLu05oPc=":{"valueMac":{"type":"Buffer","data":"3axZ3NnnDWpmqiU81sVNL3Ls6bqwfsMnJZ46K0m4VzQ="}},"5UHgyx+/V487aqX41Sai6/fBd04HmkSGn20844XomJA=":{"valueMac":{"type":"Buffer","data":"ttY7InY0u9CIJ7AFbRefFg38I/KrZxc52WFn8GDQsWQ="}},"5Wy0Eq6iuXtHj4X2z8aVqQaF75t9czgMIugX4CGQjYg=":{"valueMac":{"type":"Buffer","data":"3ufkcq/YwuVpQVRhAcVAwbIrvkbctZJGuYZn1tn5HnU="}},"5YqUR8TW/YRSDjOj0TcwVySS1LT0c3wN6Tjvj8hG6PY=":{"valueMac":{"type":"Buffer","data":"dIeMsTlZJVQzfzaTUuTGlxpMLgvsjzCZCStMRf2t090="}},"5kbEWtayMEArsZDRvchBcjXISooGUtf2HSsf1Vk6dJI=":{"valueMac":{"type":"Buffer","data":"urQKrcX+FQWXfLL0ZUwWROkpwg9nQjOhPyqSk0jy/Lo="}},"5yKudgsc1OTdn85qiN2y/q4uxGwvMwWshn1FIEO9aV0=":{"valueMac":{"type":"Buffer","data":"IHo7FWd7oCemxTGntY8mIKGwwNdtPJK8m2qXSN+9uAo="}},"52NLB3xX5DRcoPlCbNcnh5iq5P7tggWf7fcBy/yMCVM=":{"valueMac":{"type":"Buffer","data":"q11+adae6LtjfYeXwnEjr+lOhwKlMED2Nb5Vl0U38rU="}},"6D334gw1m9pV/cp358GLGwFeTPY5LatLFREBncvylMw=":{"valueMac":{"type":"Buffer","data":"SH0aQC20J+oPI6/cDcTQgTSLQfykhmlJ1JymZGeskKA="}},"6NGkghAjz3YS7VtJPphqWNziQaE6KOqx/tJ2ANOx0zs=":{"valueMac":{"type":"Buffer","data":"9UMz6YacCBUjbD1dx9UMYxU9jdapKJ19z+4zPU8l21U="}},"6PE6BBtqlbBWV4ymmaeaaRFwbEnEaZaTDDcDuuaV7PQ=":{"valueMac":{"type":"Buffer","data":"BZR045hZBV4vIHLWPLkMQ5+RhlnydW4VbBGYxGZ7ImY="}},"6Ylq32L4AgYAppw43w/03utxabeP12AbpJFneYfIq9k=":{"valueMac":{"type":"Buffer","data":"jl6nGRdrUSv0r8VmcjkpGFzK0xWfRInwpnPIiFyiAuw="}},"6b8HsiGM8eM/wzt+0WN1fiNZqW6hJL3PhVcNpZHq8+E=":{"valueMac":{"type":"Buffer","data":"jZ3P8APi+RnlCzhokogXY15i93t3TYlPYyN1Ax1HP0Y="}},"6n5f4fSyckI22n1nKV334vaGcM48ldSX3rGXLnj/3cY=":{"valueMac":{"type":"Buffer","data":"G+psp6xhw7Ky69qhM/Pr5x5Dy618zK71FT9yiBz1N2M="}},"6v0qrt4APRIhR7JZMcudMJRUcLE+EKNYJ9vBaxzFytQ=":{"valueMac":{"type":"Buffer","data":"TuyiG6xNvCfsbPx7di5qj5rWL8WxcVVLMRePJAwZSKM="}},"62KlfnCi0zeF5fbBJC2zE6QZ+EohOI+957T+6anNYBg=":{"valueMac":{"type":"Buffer","data":"sb+85khnxUijxPF7lMIbMNRF7Y7T8Gm9aoB6WTtAAUc="}},"6659gnn7SnwGOFgG3bo1TTDaCRJ9EJowpEpuG91C08A=":{"valueMac":{"type":"Buffer","data":"qhLo6KcvJLPM9t/jryY7rrK1AeVvh4S9jbeo49EKAXk="}},"7IGBY2qZCOLqumcJOM91gAwUUkzJXjQGDw5lWuCTSVs=":{"valueMac":{"type":"Buffer","data":"Iyrn4AcMk9oL926DqVVu9ICRqUJLASa5KetFRdJ/Lns="}},"7dsAoxGR5OFdvU3H0sMfhMR3febVQqShL2EGLYvsRPk=":{"valueMac":{"type":"Buffer","data":"XU14pysDgnTSosV3mMRzSIL6ouBEB1qHnTapM35MQ1w="}},"7pXYqhGe1qJYlnuboWXrxUHoiJXpJJ8fNJi4vFKwExg=":{"valueMac":{"type":"Buffer","data":"63MQLYogqvrKWbAbzqr+EBlDFzi/R+fSvpg/xF9uHXA="}},"7qcHrtuKw/NNGwpsEDemBju48gvaJzXj2ZlsHgNxJsc=":{"valueMac":{"type":"Buffer","data":"IkbQN2dnlSwQH3LR/oZBQ4ZjXCI9btler8GV94Bm0uA="}},"7ywkaolfflT7h3NKq1rQL2LVD2dRX9snOjvgb0gF/bo=":{"valueMac":{"type":"Buffer","data":"qjLY5DGQtQrtT4LMXsk/KzbEEJGwoWc8/A0O7OVojqY="}},"8G3Kj18vx5GUQ1Ptx9HdneRVFLFZYZYATHC0Dbyuuig=":{"valueMac":{"type":"Buffer","data":"V4Zp/1qXkT54P6J3woCSFJdyyxAn56Yubv4Hkl7fxQM="}},"8kYJLGMgElOd/8q9TlwZeu92VyVFXGgQHJnglF0VGrs=":{"valueMac":{"type":"Buffer","data":"PqaHKDkYbzjUgD/soHhRxdXLEk05fnScT7kMKVsDZno="}},"8tOgZ9zgdUK5xF0A3TNzmzQ3gsVEOTvaEbDkcBxuOog=":{"valueMac":{"type":"Buffer","data":"pnlsW/kd7gWQCSnI8x965q+q4NAjPbDwIuG0Z41q7gc="}},"89MaWPfHcc1Z/RnJ3IG0ztzeLKrmKVBFEP3Q5c7QeGU=":{"valueMac":{"type":"Buffer","data":"u7Z9kvNcetn/WsdESkxLsDCdP1kY6/hx6D5KfeVxt5U="}},"9CJvzt5d7K5PsWAXSOeiIkAdEcl9yxV5vvrjTviUl8s=":{"valueMac":{"type":"Buffer","data":"JzMo+/W3qU8daxrjn34ASyNtlI5nF24T1Km7SsRhJ2I="}},"9rezNnV/+A/6X04OKLitQPcu9QuorRYJrKnt1A9zspI=":{"valueMac":{"type":"Buffer","data":"zh5Hq4DZfEFin12WhijL5YOEFKtYxK4dp1XL1CLY0XY="}},"9wOj2DWl2XpnN3uT3Y6A7NGDZiH1XAH7NFS9+Gw1fes=":{"valueMac":{"type":"Buffer","data":"Oh6ondx3zz08ENVju9+F6iTR/hqQ42nApL1adL7BsJc="}},"98g8pxICPR5Oic5mqhIBPVP4qqkG2rnKXv7u/0ON6W8=":{"valueMac":{"type":"Buffer","data":"ZcTwQHL8BVZI3fCwuucgPvNDsV+WGOVAq+UzUBbPh0o="}},"+AnuJaAa7k4/R8ge+V+vECuDq0JYw+GNXVHbOKcZSVA=":{"valueMac":{"type":"Buffer","data":"QXoVrQD8VaPBxC+AJKSuHUI6KSbJpRtnDdIWAZmYyl4="}},"+iRajhHnJiPzkFums5qa9QF3yIU8zu2EMLgxe8XmP1s=":{"valueMac":{"type":"Buffer","data":"JLil/Sirf6fgpBBcqcunEqHYSWbVuxfyq6Kf/OCn6KA="}},"+j/r6SSYVkWVFO5BtShC/+9s4v7OJDtYzN3EP3rU8u8=":{"valueMac":{"type":"Buffer","data":"rTZC+sGWi8kG6t4ZnAPsX3RNW3jHWJyBRl8Aak78awU="}},"+k7NkmPJM3n3NxR6v9UCGfmry2UttHVoBFr3LIt4pHc=":{"valueMac":{"type":"Buffer","data":"wjBO6FGgZbMc5LUmibF6wSe2U87XILRwNLCm0v6QVwI="}},"+odp1Pjy4tfDE0XEc6vlEbJHjQLptDKkXMcIJV4U0jQ=":{"valueMac":{"type":"Buffer","data":"EkXvT3f8/d6Q+u84rT3o2h4QBLNlX4jWu5k2j7NH8hY="}},"+uldZ6s3g/Pj1gosZ+900L3NGhBj/BK9sAA4Qrik0lI=":{"valueMac":{"type":"Buffer","data":"0Vkm3ciFJu9mbgpUvlnD8R5qpsoU6TRkEBzlX/hDQJg="}},"/AXgddzjcUF3JIsZ6cj0JJm69NNj+9aG7J94gL0h1Aw=":{"valueMac":{"type":"Buffer","data":"Aqco68M7BBrY/X/7pYRIJuspg8XlNTaHrZXd+1HbwT8="}},"/MM8SXfyl1DrIUM1yqsApLmhc+wRx/98uyJmKmBHS8I=":{"valueMac":{"type":"Buffer","data":"20L7Xkjt33xb1O//WWIQuwtsT1yBbw3mIEgDJYenoGY="}},"/QZ30IA1NrTU9efRxdwW1ga7t0tZCWRBndlgGpsO4PA=":{"valueMac":{"type":"Buffer","data":"i1z/5YdchsuiBSIR9uY1lI8YiBBe2fTFSbvziPIv5ho="}},"/gQZXq14TV9Aki44preOW/fyo8FtaM0sxPIZ42CR8ho=":{"valueMac":{"type":"Buffer","data":"ylPhNSxXdYZHCIYhNcVkC64a8pU3/zkV8pr/g1qbUUE="}},"/7LQEkxE54C0hGGhohMzOyAfF2YwS17JqvIXjqzkv5g=":{"valueMac":{"type":"Buffer","data":"jZCOt/WzAisKTEiSKfYvphZApsyuegy6S4tTH6m+TTc="}}}}