{"noiseKey":{"private":{"type":"Buffer","data":"SOD0SfQmkQ1AakpYLlsLifxS1EhEVLusLozi85UvkGk="},"public":{"type":"Buffer","data":"RZkCDbyotgAcOEkiTI970OTImtJVhOblrrFzDzlCIUM="}},"pairingEphemeralKeyPair":{"private":{"type":"Buffer","data":"iCzcDxIsgETJ2Yr38XmpPGINkmuGylHvEX3gQudV7W4="},"public":{"type":"Buffer","data":"LIRf6MbAc/pc55Iqfo9vZAO9zsV19bG+CZDxPyXgdFo="}},"signedIdentityKey":{"private":{"type":"Buffer","data":"8LHHiNIdKHIglwAuGseI3OS6WoyssiIiLuZSMzfef3U="},"public":{"type":"Buffer","data":"LyLuVnO8U3ob8GoN5ntHFsOOcSIf3rK/I4vlKaUUTTg="}},"signedPreKey":{"keyPair":{"private":{"type":"Buffer","data":"2B+Cs1bw0fEAjZAqSvYN9sAL4tOctnnaD/7youfSykU="},"public":{"type":"Buffer","data":"2INfofmQsYnfNGkJzVX/we7s6j0xNqK8dT2ZDk3uWyg="}},"signature":{"type":"Buffer","data":"8acqiEd6o5/UOOB7PaUePTClayZ7rNdySRU3AGy+/4YNkrtep9yN1uihOXJI3cUp61PQguXNUFyq01g1Y49kAw=="},"keyId":1},"registrationId":46,"advSecretKey":"DhsbgtmcLsGZ5sP0U2SKHNiTrCJg07jXR2p6C+KOGK4=","processedHistoryMessages":[{"key":{"remoteJid":"6281223236894@s.whatsapp.net","fromMe":true,"id":"8EF781A1DCB800B856B6C51F8C08F43C"},"messageTimestamp":1748334173},{"key":{"remoteJid":"6281223236894@s.whatsapp.net","fromMe":true,"id":"86CE523E451C83EBF43B13681E10331D"},"messageTimestamp":1748334173},{"key":{"remoteJid":"6281223236894@s.whatsapp.net","fromMe":true,"id":"6C0B64EE22411567A4118AC93676A9FA"},"messageTimestamp":1748334177}],"nextPreKeyId":61,"firstUnuploadedPreKeyId":61,"accountSyncCounter":0,"accountSettings":{"unarchiveChats":false},"registered":false,"account":{"details":"CP/igtwGENbs1cEGGAIgACgA","accountSignatureKey":"IpIHTVImD7to6qqGKBDtVnlI0wGC1v1a34laXl1ESl0=","accountSignature":"yb35vnNIEot63O3bOWUYW6K9khga0eNA9a4/UukMS5n3d4x5bzMi380Ha1CVGxEEwj7tuvsWE/lWZi51NRwCBg==","deviceSignature":"OLlXibr0imhguew9jLI8h6MAo8yvzuRa0zpm4WFJQ5ZxDSqvCXaiZr2xyyPrpAIisuFJB75r7VagytfiqSzKDQ=="},"me":{"id":"6281223236894:5@s.whatsapp.net","lid":"121986063794186:5@lid","name":"."},"signalIdentities":[{"identifier":{"name":"6281223236894:5@s.whatsapp.net","deviceId":0},"identifierKey":{"type":"Buffer","data":"BSKSB01SJg+7aOqqhigQ7VZ5SNMBgtb9Wt+JWl5dREpd"}}],"platform":"android","routingInfo":{"type":"Buffer","data":"CAgIEg=="},"lastAccountSyncTimestamp":1749649019,"myAppStateKeyId":"AAAAALX/","lastPropHash":"1K4hH4"}