[{"senderKeyId":820689715,"senderChainKey":{"iteration":53,"seed":"Y9MQuwKbG6R4rYgjlokUc20lnVyV0rH8wC73rNX2tnQ="},"senderSigningKey":{"public":"BXPg/ZJCvsQAnSNRu1NS+7f/FzbwziEvswIQvAOY+vQA"},"senderMessageKeys":[]},{"senderKeyId":820689715,"senderChainKey":{"iteration":23,"seed":"QFfA0IHMxfPqioYhtnqpilWx/0X4ayKMWAmpjqonPOE="},"senderSigningKey":{"public":"BXPg/ZJCvsQAnSNRu1NS+7f/FzbwziEvswIQvAOY+vQA"},"senderMessageKeys":[]},{"senderKeyId":826610540,"senderChainKey":{"iteration":35,"seed":"1ogZ1GuB878xAmcx6J8lKq57O15v9Yj5jdjVaGZri0c="},"senderSigningKey":{"public":"BXp0nNGhmzxSj/TR6FoPgABuQKd3mpchLqBg066I0sMc"},"senderMessageKeys":[]}]