[{"senderKeyId":2105559525,"senderChainKey":{"iteration":1,"seed":"oa1CoVqf9eriRthqvQU8MidnHZZ+yjxK/pzlj9apKu8="},"senderSigningKey":{"public":"Bay387is9GocDKvMblyF7lf0NfFj8o1YMjPc4Gvcn9k0"},"senderMessageKeys":[]},{"senderKeyId":1109858224,"senderChainKey":{"iteration":1,"seed":"yuaxDJGE3FU67VKOOEDeO0CJS+IFgatw9XNa0GhWPaU="},"senderSigningKey":{"public":"BbCTPPYwryz0HVHgW3FOKZD6ymN61sPLZvcxnYHCg4ko"},"senderMessageKeys":[]},{"senderKeyId":435474982,"senderChainKey":{"iteration":1,"seed":"XTpaxCckH0IurQk9rKMk89qRnC+1WnpM146QijmFQJ8="},"senderSigningKey":{"public":"BUEN/KCESBf4TwZMYd2FCd1WLVi/LCy5b7h9oOLOySMR"},"senderMessageKeys":[]}]