{"_sessions":{"BfEpfjovy6O1TcbtmORGnNmTPUBVngJHoBqKkhC7GDUz":{"registrationId":1590939296,"currentRatchet":{"ephemeralKeyPair":{"pubKey":"BQRkzJAVnT9yskOmKouEzAGdpJNGviee2Pf3FjjrxcNa","privKey":"IBkltXCQfyuUjt4F9x+YQafs70Bb7VN0k6F+7Kdzv3U="},"lastRemoteEphemeralKey":"BfKLeOuOUlpwTNEBrtBot656q9UNi7ctUfMeQ/0MUgVp","previousCounter":0,"rootKey":"BCZyzomgvHYFs+DZ57u7vynx+cTp1Y2ggpHP8lsO0kI="},"indexInfo":{"baseKey":"BfEpfjovy6O1TcbtmORGnNmTPUBVngJHoBqKkhC7GDUz","baseKeyType":2,"closed":-1,"used":1749649039449,"created":1749649039449,"remoteIdentityKey":"BSt9FD5T2WylUab7TpQmBNCNEUO5Zxq6eCV47px2rdtS"},"_chains":{"BfKLeOuOUlpwTNEBrtBot656q9UNi7ctUfMeQ/0MUgVp":{"chainKey":{"counter":1,"key":"uRj0C5vrKpu5OjJ8bk0MYVZ0U8w7dhdHZUaTIatCDdI="},"chainType":2,"messageKeys":{}},"BQRkzJAVnT9yskOmKouEzAGdpJNGviee2Pf3FjjrxcNa":{"chainKey":{"counter":-1,"key":"qZTolNZObIrQWAeZsn8no6EucnyL5i8vAFLdQuyo1rI="},"chainType":1,"messageKeys":{}}}}},"version":"v1"}