{"_sessions":{"BXxouFGXhAhNnOWVfaT6hYyfZcwYxVIx/YwIRQWwYLtw":{"registrationId":1636954419,"currentRatchet":{"ephemeralKeyPair":{"pubKey":"BXIAGNsoTWtDF7tiKwm+mMJlSJbCwtiFG9aA5oWPX6xf","privKey":"KObjGx/nmQRnI7/GuLCtLxxxWpBRSOz9nbIiAA4ukmU="},"lastRemoteEphemeralKey":"BbJE11A14Pa/DN2fjv2m/B0du0iboPxCtt+jgaacVRJr","previousCounter":0,"rootKey":"2LFZEuQWCf5Al4dFeIO7fPCH/xitCgdruRXzK81lT1c="},"indexInfo":{"baseKey":"BXxouFGXhAhNnOWVfaT6hYyfZcwYxVIx/YwIRQWwYLtw","baseKeyType":2,"closed":-1,"used":1749649065768,"created":1749649065768,"remoteIdentityKey":"BZPp/CYxtVSg8n04oYDW7n6JyBry4WXv6Xd9SWCeZUs6"},"_chains":{"BbJE11A14Pa/DN2fjv2m/B0du0iboPxCtt+jgaacVRJr":{"chainKey":{"counter":4,"key":"k9ao9BwBeFWaYxez6KmN4HJcAdDDtGVSauu0a+XqQCY="},"chainType":2,"messageKeys":{"0":"gqGxdC/z84raorahvv2yMtlbdKCadU+s1QTyaRnbYiM=","1":"ohhSDrHjHlIT6ejW2crckejRPkXKCCZMHhAFTp8oUJs=","2":"TAyd4jd2lOPR2WzhmlVJPjMej3KktQji8+awIZePHRU=","3":"shHgVGEk25IK4H/0C4f3tIrOWnN11yjI2aBDlbxZvhw="}},"BXIAGNsoTWtDF7tiKwm+mMJlSJbCwtiFG9aA5oWPX6xf":{"chainKey":{"counter":-1,"key":"L78Nq0ZzoB0sNz54gaWaqlMOzf1T2kSGaZpBkH0Qksk="},"chainType":1,"messageKeys":{}}}}},"version":"v1"}