{"_sessions":{"BSn3iB57XFoZ5ZkNXW5VkGfxDPGQeKV63DgBE76Ia2pA":{"registrationId":1628625842,"currentRatchet":{"ephemeralKeyPair":{"pubKey":"BWOBS23sVFrvuwFG0QgoZZM3yJulueUEYawtpn8Up5IH","privKey":"sAVGZspZC14LpERhlBLrG8UazuowJALQFrHl6nULylk="},"lastRemoteEphemeralKey":"BeeMuwxcpFd0kTgQH38HyE/6F1HK5COHNLARGGA49AoO","previousCounter":0,"rootKey":"dcEq4tBihoHUq+Irj5Qhd/aSUhfmSZM3cBwLdK4I4Ew="},"indexInfo":{"baseKey":"BSn3iB57XFoZ5ZkNXW5VkGfxDPGQeKV63DgBE76Ia2pA","baseKeyType":2,"closed":-1,"used":1749649021250,"created":1748336683828,"remoteIdentityKey":"BezaAXKrRCR50bCWv7oz3HUkG1xGD3l73b2N7AcvoQFd"},"_chains":{"BT24LsQSOKKyQt1yz5Lp8AxnDRb8ajeKKLaUjMtK0TsF":{"chainKey":{"counter":0},"chainType":2,"messageKeys":{}},"Bcw21P29CzeMX43vuNGVUc/7hsha19NCzEapZxtjj/Vg":{"chainKey":{"counter":0},"chainType":2,"messageKeys":{}},"BSAnEqoxqF/5e80zMy2p6xCSRzSAQX/CGqUvn9IDKN4V":{"chainKey":{"counter":0},"chainType":2,"messageKeys":{}},"BU7jNRFuvhqtsb7qNDaR6cl7gKOxPnUfFDSDvgBjJLxR":{"chainKey":{"counter":0},"chainType":2,"messageKeys":{}},"Baef+FRXU2vOMd7xoHm6vDL+EttdJzT/w8PphgYo39Qf":{"chainKey":{"counter":0},"chainType":2,"messageKeys":{}},"BWs9BLhTpGjmy1X7YX5G5qUFrZRfFUYHPHYfWw0uLlYK":{"chainKey":{"counter":0},"chainType":2,"messageKeys":{}},"BSsgv7UU3t3jPvtPcLJR2hSAZaaCzCai2TFckwfV4cFA":{"chainKey":{"counter":0},"chainType":2,"messageKeys":{}},"BWQrIzjXUa2CtZE5O5QxvIHs7WvSsBvKmfChQfmI9tsF":{"chainKey":{"counter":0},"chainType":2,"messageKeys":{}},"BeyTaGO9Tu79sd9KNBlBGO5ApIEhoKEL4RFqq9Ad26Nq":{"chainKey":{"counter":0},"chainType":2,"messageKeys":{}},"BXjjhKoB2EmZkiURpy0YMK3eFT6QDpAEc6WilV5RVfhz":{"chainKey":{"counter":0},"chainType":2,"messageKeys":{}},"BSwd67QYhR7IydcINQ7PLTAO6Orx81EE+ZpsIW096n0F":{"chainKey":{"counter":0},"chainType":2,"messageKeys":{}},"BeeMuwxcpFd0kTgQH38HyE/6F1HK5COHNLARGGA49AoO":{"chainKey":{"counter":5,"key":"bsbCPEoi6vk6EGOO9zmwwAcAyJWmPv3Spf4+LqCRWHE="},"chainType":2,"messageKeys":{}},"BWOBS23sVFrvuwFG0QgoZZM3yJulueUEYawtpn8Up5IH":{"chainKey":{"counter":-1,"key":"e6pDbtdUSUwzmos1G7zR3O4EGDfJeypP77QJ7LD6FlA="},"chainType":1,"messageKeys":{}}}}},"version":"v1"}