{"_sessions":{"BUbCwGsWPiL7Q9evuFNplS7JDT9DDOsXFQJgZK6FFK44":{"registrationId":209291286,"currentRatchet":{"ephemeralKeyPair":{"pubKey":"BSr5MyvzfUTbr5NBP28TJs38p0uMdM3v8j+OWhITbr9f","privKey":"qGxBo5Zn/ZlhoIkqedX6oNJsY5gie05ByQ3RplhzQWI="},"lastRemoteEphemeralKey":"BcpcRPlM3xz/2+SoxzNR+oboA38TN3obKN9JO5y8bZ4K","previousCounter":3,"rootKey":"wdQaaM3brSxIxiblWjJOfvXhYddeQUXLjbZd9Us/NUE="},"indexInfo":{"baseKey":"BUbCwGsWPiL7Q9evuFNplS7JDT9DDOsXFQJgZK6FFK44","baseKeyType":2,"closed":-1,"used":1749649099603,"created":1748334172997,"remoteIdentityKey":"BSKSB01SJg+7aOqqhigQ7VZ5SNMBgtb9Wt+JWl5dREpd"},"_chains":{"Be4hqvgYGZBOmVksYM/UL+vd1BMVywllsvdj5TyyRJV8":{"chainKey":{"counter":6},"chainType":2,"messageKeys":{"3":"NSrVFwaG3+MZMKra1mgKw6enKrbOOdqSRFNKd8lBlIc="}},"Bf3B1ZSB8FXSB/bGT+GOQQtqn1TBDsw7+wYpiM25MqdP":{"chainKey":{"counter":7},"chainType":2,"messageKeys":{}},"BcpcRPlM3xz/2+SoxzNR+oboA38TN3obKN9JO5y8bZ4K":{"chainKey":{"counter":3,"key":"zUoSoDoVWmQm0FeGHDEC+lgDeNyGcDtYFbpPqZTIrrg="},"chainType":2,"messageKeys":{}},"BSr5MyvzfUTbr5NBP28TJs38p0uMdM3v8j+OWhITbr9f":{"chainKey":{"counter":3,"key":"NFr7tsQGHPEIBIzAU5YzMTKvaVxp0qj/rybwaOuY7Nk="},"chainType":1,"messageKeys":{}}}}},"version":"v1"}