{"_sessions":{"BY9KMsaz2FYf+yBudFcmdm1ppxs3URFvP4O+MqcamdQD":{"registrationId":347827041,"currentRatchet":{"ephemeralKeyPair":{"pubKey":"BfBwi3OCnzsIDkASGaKVezWo9krNQBuDSlgwN3nlBt90","privKey":"4CKToCNj0mFhoymzVDKlZJwFEOw5IvCOLtBrDFNOwE0="},"lastRemoteEphemeralKey":"BXHQqlEfuva80gCPnvJ6CY7y5zKExjvpB/HmPDZWwjwz","previousCounter":0,"rootKey":"kx5O8SnFmytvaLBET+ktCVpFEFx1U7AomTZvrJaRkvA="},"indexInfo":{"baseKey":"BY9KMsaz2FYf+yBudFcmdm1ppxs3URFvP4O+MqcamdQD","baseKeyType":2,"closed":-1,"used":1749649064206,"created":1749649064206,"remoteIdentityKey":"BZQmkA+eyoB5+uKu10+keJxwFzifLCTE0OHLUO4sIk9f"},"_chains":{"BXHQqlEfuva80gCPnvJ6CY7y5zKExjvpB/HmPDZWwjwz":{"chainKey":{"counter":8,"key":"oJWxRM/YTe7Vpd8h3MMxtuJq06cJbJwlRUXObDcYopw="},"chainType":2,"messageKeys":{"0":"k/H4wgqSr0wTMBGbB0+rgdFFZ0W+NmO3bChiqze5+vg=","1":"noVGyAu3eTG/J4GhKbyS963rlOp0nc/03VyKXtU7kV0=","2":"3tsNeN4ltkh3VAke91AB4ny50kyOJUG/UyT5YZv6h6Q=","3":"LzU52O+mMfMQkxBV6Fb91Kp+wqE77OEX2frcYXSPXfk=","4":"QTzfYBSRd1dpwGF+nqvMonDeyQqaPqtAtO6DXWyoy4U=","5":"r6F5EE56ozGL0r8jHccFhMd/uEjQHqxgaFe+rg4sB/4=","6":"iXe8K3VUJQUnGdRqvgHXBkpcYGodHR3T8uvRgkyIaR4=","7":"THcRIKONVPjsAybZBjqUDv0qIMSz7hkUenCYKXJGQ/U="}},"BfBwi3OCnzsIDkASGaKVezWo9krNQBuDSlgwN3nlBt90":{"chainKey":{"counter":-1,"key":"mDoZsmdLvAc6R7CRUwMPz0QZYqPj2TLWSi5XgcesZ9c="},"chainType":1,"messageKeys":{}}}}},"version":"v1"}