{"_sessions":{"BZ9ZKl93zcg99qX5Dgmxcw+jTstIFOwdwZbzJSJ42Xgp":{"registrationId":1638460392,"currentRatchet":{"ephemeralKeyPair":{"pubKey":"BbHahfcLHIGrFNhbwUxTwfGYKHTJjiYjwKVp7Gzyomx1","privKey":"QGw4E9Y4l9oH8QN6kalDGbW5JSNh+JYVs6EQeTdInE8="},"lastRemoteEphemeralKey":"BQUCgpLgpFdXY1yOZI0bQA/x285gcFA7YzGLoMwpqMUG","previousCounter":0,"rootKey":"OVeOA2bTokM3x+1r5bcCZS0r2GPdoqf1svgfQjgqyGc="},"indexInfo":{"baseKey":"BZ9ZKl93zcg99qX5Dgmxcw+jTstIFOwdwZbzJSJ42Xgp","baseKeyType":2,"closed":-1,"used":1749649064851,"created":1749649064851,"remoteIdentityKey":"BdgZFYgJftsvxbXUBzgqbWiffOninqxJOZHkIit6xJxR"},"_chains":{"BQUCgpLgpFdXY1yOZI0bQA/x285gcFA7YzGLoMwpqMUG":{"chainKey":{"counter":1,"key":"GbBMswgdoDU701TkpeafeCMKV3CXYCwmS9jCqlIVYKo="},"chainType":2,"messageKeys":{"0":"I+A4thLHKZXMkYYvIleRZWGwavoSUOzffXpMK+DvK6Y="}},"BbHahfcLHIGrFNhbwUxTwfGYKHTJjiYjwKVp7Gzyomx1":{"chainKey":{"counter":-1,"key":"LLUBFv1t7Jdt7pHzlOtNxmMHZ7wVw1rba4IMIBe3i9I="},"chainType":1,"messageKeys":{}}}}},"version":"v1"}