{"_sessions":{"BaCJaG1Qdy4sGIf3dJKh063l7huw2tSHyUs5GyUFRQcP":{"registrationId":1265724945,"currentRatchet":{"ephemeralKeyPair":{"pubKey":"Bb478oZwxmY5hMR2+kismWOZJwRLntZHTJU9FsolilkO","privKey":"4PL5u1p1EP2+KI6VRtKzTeWFoIXqgJOpgck+w0Xjp18="},"lastRemoteEphemeralKey":"BekhS4LLeU+Mud5p9IaisX1Y/XeRGrdDKBpZcY2s2dBn","previousCounter":0,"rootKey":"1lXUqdH3zWwNu9lx0gPouq00eNL4SF1jOfKRG1bqcXE="},"indexInfo":{"baseKey":"BaCJaG1Qdy4sGIf3dJKh063l7huw2tSHyUs5GyUFRQcP","baseKeyType":2,"closed":-1,"used":1748336485161,"created":1748334190188,"remoteIdentityKey":"BasncJx9i6EhzwC9SuExFjhwLSUjTyL+0fpnEvh1O6V1"},"_chains":{"BboJBhbhMo3snNvjQn2mdUWxL/tKX8719RSQFMc7WE8E":{"chainKey":{"counter":1},"chainType":2,"messageKeys":{}},"BekhS4LLeU+Mud5p9IaisX1Y/XeRGrdDKBpZcY2s2dBn":{"chainKey":{"counter":0,"key":"eWErRh6y94B97g3qV96MypRIYQnKvyk5TR2548RNl2Y="},"chainType":2,"messageKeys":{}},"Bb478oZwxmY5hMR2+kismWOZJwRLntZHTJU9FsolilkO":{"chainKey":{"counter":0,"key":"et4RrE92v6TfMS8WqjXBgYSAaLHL/W9nUND3kpySYIs="},"chainType":1,"messageKeys":{}}}}},"version":"v1"}