{"_sessions":{"BWOa73o9MGB+/TvqQBehuaHWXKwVGchRzqVb0lXtJYkl":{"registrationId":1710418757,"currentRatchet":{"ephemeralKeyPair":{"pubKey":"BZxL0sPB8na/pE2uxXLMTj+pw4qYB+Iz892tUsJYUalJ","privKey":"6N7nLwM6+sKbnTZR5ib6olkB/rJKO0+012Uto+raY0o="},"lastRemoteEphemeralKey":"BcPzVP6CaejAzUVfl5n+3gPoD6SJjJKwlWetIAQhOeM4","previousCounter":0,"rootKey":"ecPjlT0VIT3/BT07pbr2BSeeYtruHB4FUIGbEcBuTOM="},"indexInfo":{"baseKey":"BWOa73o9MGB+/TvqQBehuaHWXKwVGchRzqVb0lXtJYkl","baseKeyType":2,"closed":-1,"used":1749649029669,"created":1749649029669,"remoteIdentityKey":"BWYIST/OJUdIXx4YPa3wnhplp8m0Kj7xsg8UrTfgVxNi"},"_chains":{"BcPzVP6CaejAzUVfl5n+3gPoD6SJjJKwlWetIAQhOeM4":{"chainKey":{"counter":2,"key":"NriZwborbTJ6ooEeGGmB2FYPlkkIlf0GgrECsskTRdo="},"chainType":2,"messageKeys":{}},"BZxL0sPB8na/pE2uxXLMTj+pw4qYB+Iz892tUsJYUalJ":{"chainKey":{"counter":-1,"key":"kfc5d9gm+ZEQ5dOPLloQSOvtrwFXDbfVvXtDr8T/4TM="},"chainType":1,"messageKeys":{}}}}},"version":"v1"}