{"_sessions":{"BYWNJDL0hOhYynzaD1bY0LuqytIhcmo4qP6R1kCiZbIp":{"registrationId":202,"currentRatchet":{"ephemeralKeyPair":{"pubKey":"BQTjGaux19TgD0EYZ/FceK4odd+ABH78lPv40K5lB2YA","privKey":"SLfnecE8Db9aiGoo+R/tbXWleoLRNncOiW5meMc4Kmg="},"lastRemoteEphemeralKey":"BVB6Pujxgzk8ngOfCgetsbiYInp5Y84BprozM6oJVKds","previousCounter":0,"rootKey":"9CPYP0KGJjBOUprT3EDhgQPTIdJF/jViPjgU3F7/D2Y="},"indexInfo":{"baseKey":"BYWNJDL0hOhYynzaD1bY0LuqytIhcmo4qP6R1kCiZbIp","baseKeyType":1,"closed":-1,"used":1748336478629,"created":1748336478629,"remoteIdentityKey":"BUI2qayVZYkbNBumT8ijuyK9917n2r7/x+qcVkAjkCk/"},"_chains":{"BQTjGaux19TgD0EYZ/FceK4odd+ABH78lPv40K5lB2YA":{"chainKey":{"counter":1,"key":"2KBd2O/Jg1L9ejyVeX5YofMCQOqrsvt6L1nGpNfzTjY="},"chainType":1,"messageKeys":{}}},"pendingPreKey":{"signedKeyId":1,"baseKey":"BYWNJDL0hOhYynzaD1bY0LuqytIhcmo4qP6R1kCiZbIp"}}},"version":"v1"}