{"_sessions":{"BdzKPOxqf3vJjKyLvk4x2N79oOBY+DZxbfUWKFd2ZO0u":{"registrationId":952647470,"currentRatchet":{"ephemeralKeyPair":{"pubKey":"BVyTt9CMdJaAfv6W6oF80RzDNzNusm76PDNyP4m+gVgl","privKey":"qFD5JHFfWWP5MPUMXOirybdZGgwi++WfQeGl2rp6QH0="},"lastRemoteEphemeralKey":"BVVzBaI0/qkOOOnPes6EryhyXGG1+5cfFZ8cC+syy2FJ","previousCounter":0,"rootKey":"9uPaUqpeVgOwIUVK1A1SOoJQ3h7cl9b4+/4Ee0SN+lU="},"indexInfo":{"baseKey":"BdzKPOxqf3vJjKyLvk4x2N79oOBY+DZxbfUWKFd2ZO0u","baseKeyType":2,"closed":-1,"used":1749649021186,"created":1749649021186,"remoteIdentityKey":"BdDJYiGhJnLNW3bgYy79y7yNP9MZ3/XB8CquWfqt+9wM"},"_chains":{"BVVzBaI0/qkOOOnPes6EryhyXGG1+5cfFZ8cC+syy2FJ":{"chainKey":{"counter":2,"key":"U1bCA8qTSaoFruA2AXNtXFBs8qrT/gnWlPM70vWCUR4="},"chainType":2,"messageKeys":{}},"BVyTt9CMdJaAfv6W6oF80RzDNzNusm76PDNyP4m+gVgl":{"chainKey":{"counter":-1,"key":"FFvMVECCmxpUvQTER5Rj2M7XaC9xHwHUW7cS7QuXi94="},"chainType":1,"messageKeys":{}}}}},"version":"v1"}