{"_sessions":{"BVBXHlXV4N+KxvCiqCq9UYZRx/aJwvA/D18p+JdpfiMe":{"registrationId":2082137465,"currentRatchet":{"ephemeralKeyPair":{"pubKey":"BQdzYfk44DXjt13UxvPdg/QbLUtmQ419qafJeQnQmN8h","privKey":"sExnkC5H7OpL9nlwATicJudzp5JMpaQ4Jt4EMtmhE3w="},"lastRemoteEphemeralKey":"BUvTiNYjKV4C9XvA3MVBYcukE4z1vK+oWM5/cqWV+d5E","previousCounter":0,"rootKey":"HHegoB4QrmsK9mvI6ZRw5hcgrhl4lARFob0wjl5DMjA="},"indexInfo":{"baseKey":"BVBXHlXV4N+KxvCiqCq9UYZRx/aJwvA/D18p+JdpfiMe","baseKeyType":2,"closed":-1,"used":1749649021199,"created":1749649021199,"remoteIdentityKey":"BSar820I8bzeC9/FUFbMLYoieszaEkLBRhg/cfOXrEgc"},"_chains":{"BUvTiNYjKV4C9XvA3MVBYcukE4z1vK+oWM5/cqWV+d5E":{"chainKey":{"counter":2,"key":"cDAhsdThWoubw/rjjLOfcjoGRh50BpVMgEhoDUERUqo="},"chainType":2,"messageKeys":{}},"BQdzYfk44DXjt13UxvPdg/QbLUtmQ419qafJeQnQmN8h":{"chainKey":{"counter":-1,"key":"uQWIIO1wAycQHpGssiolgMTyOuq99+Ci1fLMhg+YGrU="},"chainType":1,"messageKeys":{}}}}},"version":"v1"}