{"_sessions":{"BVgYWbrgsEj4bsxbYIYPQTGO/42qEJXw8TLtPXqdX7YM":{"registrationId":25381347,"currentRatchet":{"ephemeralKeyPair":{"pubKey":"BaC+dPcLfH61ME7TGgk0vrgzwjSPgVTwsIyTP0FGbtVS","privKey":"oDeXn2bi4kEa/zwvTfX7CgvnbVhibJQyQaOE6dBDXnc="},"lastRemoteEphemeralKey":"Besg6CGkESU+Xt7SCzhXlW8XQqUdit0OhImd5OrBvv45","previousCounter":1,"rootKey":"wbvNztTO1/qOd/+EikfaBW03UrZWArB4FXGMV5hkS84="},"indexInfo":{"baseKey":"BVgYWbrgsEj4bsxbYIYPQTGO/42qEJXw8TLtPXqdX7YM","baseKeyType":2,"closed":-1,"used":1749649148167,"created":1749649099590,"remoteIdentityKey":"BXaQ55y4t9J9sCmyvt/OtHITX2qXUPGm0f8zQZpCRloP"},"_chains":{"BdkIMeaJTwE9DoVPkZZ+LuCX/0Hj6LmukIrr7YZJVVxF":{"chainKey":{"counter":2},"chainType":2,"messageKeys":{}},"BWIXgXxcOvV6IupnY+DII9dxTNkQ/BAnTuPhr1Il4y5U":{"chainKey":{"counter":0},"chainType":2,"messageKeys":{}},"Besg6CGkESU+Xt7SCzhXlW8XQqUdit0OhImd5OrBvv45":{"chainKey":{"counter":0,"key":"mz1PRauijX7dS0UGIalrElavqr5WldWpw7iGS1cFGUA="},"chainType":2,"messageKeys":{}},"BaC+dPcLfH61ME7TGgk0vrgzwjSPgVTwsIyTP0FGbtVS":{"chainKey":{"counter":0,"key":"TfA+xbbTciJlPdP4XuQMt2alOPv7gtf66qRtlNGRLwQ="},"chainType":1,"messageKeys":{}}}}},"version":"v1"}