{"_sessions":{"BWbJCEOlkcuk9vC3N01SwAOR7kucYC45hUexjBTwHhlX":{"registrationId":1207788726,"currentRatchet":{"ephemeralKeyPair":{"pubKey":"BW+JWYXJAHSlPuBB3gEfOSto57bQBov7ADLCoKZMrKdK","privKey":"GO0bjNAc5kZGang049GqbtjwrFZxTQ9N6b3Ux+5CuW4="},"lastRemoteEphemeralKey":"BfMpgv2tjrsj0WMwuey9FhlOHtA1a1G5nkxU/Qj6k5xI","previousCounter":0,"rootKey":"UFG5ExlcHFN4XYfAFjORYwCZkOGAtFeJlFNIKBHiJII="},"indexInfo":{"baseKey":"BWbJCEOlkcuk9vC3N01SwAOR7kucYC45hUexjBTwHhlX","baseKeyType":2,"closed":-1,"used":1749649023961,"created":1749649023961,"remoteIdentityKey":"Bei0TtNs90Bt/rE3HqWJghKXUWCsK+EScEVpgqR4QtUm"},"_chains":{"BfMpgv2tjrsj0WMwuey9FhlOHtA1a1G5nkxU/Qj6k5xI":{"chainKey":{"counter":10,"key":"oKFO3Mh5/a10DMbkxbdrSWDfjhCM9xDMJ62zV8dJ/Ss="},"chainType":2,"messageKeys":{"2":"Hq2OMFtA7kGn8OGZtwoMU/h85RlAce1IwlxgIIlhyUc=","3":"e/0p96TqpJBTL59wE1P7Ewt13VcUa1W+LbaCR5BWhuw=","4":"SoIark3OecnyDv2cLLDr2Qy0wSPM+dG3wxkHCRy4Pjw=","5":"PDW3QhWBasqJ9+OX3u6MyCZfKRohVUpb+hJ4ENO56r4=","6":"KnKCR1c/tivq/6Ws+egS5/mAWS4aoOL/ObwlACjnkFE=","7":"D7G8xAzyZnn/TTyEraLbXUDxTq6haj6j9AE+Zu14xOs=","8":"K2a9+bdjozDJUEZts0u41akgk3e4T35QAGYE/QTlHes=","9":"/TzC64bs4rFWYxsu3QBwtMv3t0rdCSxRMS7LUViE7kM="}},"BW+JWYXJAHSlPuBB3gEfOSto57bQBov7ADLCoKZMrKdK":{"chainKey":{"counter":-1,"key":"x35JXeDXlamQIdhRTHlZT1xahezGaCLbPa2jvec2EG0="},"chainType":1,"messageKeys":{}}}}},"version":"v1"}