{"_sessions":{"BcYN8cGLna3zw1xBD4CLjMoUE2rFI6yoxGPHfmg7cs1b":{"registrationId":236,"currentRatchet":{"ephemeralKeyPair":{"pubKey":"BbgAXEQPrQZEW378XRD+pG2UFxQ8VeDKBBXLuwFSGbEB","privKey":"AFvbvfeKn/+BVcbUfIvpBNUr1Gg8yvCHM8BJNQbA3Gc="},"lastRemoteEphemeralKey":"BbogMS8uFTz8Wt3uHS63bfr0LEOMpIxUEJS363bMLv4N","previousCounter":0,"rootKey":"MWRuQfsXlm0Xxm8dE83f/TyNks7aoagFJKZqAjXwfaA="},"indexInfo":{"baseKey":"BcYN8cGLna3zw1xBD4CLjMoUE2rFI6yoxGPHfmg7cs1b","baseKeyType":1,"closed":-1,"used":1748336478624,"created":1748336478624,"remoteIdentityKey":"BVXM+t5LRm5ZYV3ILLJFhUtYccoeOl0KEA1CCUu8mU4n"},"_chains":{"BbgAXEQPrQZEW378XRD+pG2UFxQ8VeDKBBXLuwFSGbEB":{"chainKey":{"counter":17,"key":"m+CG5BmAREBUtKkJebni+DF6YVINcgO66KdfWN54LmM="},"chainType":1,"messageKeys":{}}},"pendingPreKey":{"signedKeyId":1,"baseKey":"BcYN8cGLna3zw1xBD4CLjMoUE2rFI6yoxGPHfmg7cs1b","preKeyId":41}}},"version":"v1"}