{"_sessions":{"BTxfwaYGb6Pleqp7zxHjRL7i7EXQoAeubmlQIQR0tu0u":{"registrationId":973176903,"currentRatchet":{"ephemeralKeyPair":{"pubKey":"BfwIZnulX06d0UC8RpQdVibtoK9HTcxRYjZazcI9ZwQE","privKey":"KLSrIcXKf2ZJr8CG4p1KT4eJPRKj358iVzFNrwJ36FQ="},"lastRemoteEphemeralKey":"BeYr9g2WqBRL6NWlaogs+bARPYvj1tfPGplZQKcUttF1","previousCounter":0,"rootKey":"ckqvSgr0258b2G+kUq2YQQnZLg3FPFikCRtMFuCFsKU="},"indexInfo":{"baseKey":"BTxfwaYGb6Pleqp7zxHjRL7i7EXQoAeubmlQIQR0tu0u","baseKeyType":2,"closed":-1,"used":1749649020857,"created":1749649020857,"remoteIdentityKey":"BbTKdmZmSfFTGcPj9rzvzMmY8rvyIlOy/O8dCogd/wt3"},"_chains":{"BeYr9g2WqBRL6NWlaogs+bARPYvj1tfPGplZQKcUttF1":{"chainKey":{"counter":2,"key":"SfdZZbuoleGeCnjs8Y27q/adJ2RxpEt3QVZJkP83aQ8="},"chainType":2,"messageKeys":{}},"BfwIZnulX06d0UC8RpQdVibtoK9HTcxRYjZazcI9ZwQE":{"chainKey":{"counter":-1,"key":"km0/wLB97fXoSkj97ZVp17vnAtwExu0wKS61Ev4YIwA="},"chainType":1,"messageKeys":{}}}}},"version":"v1"}