{"_sessions":{"Be1ZoqTGXFDw/95P1I7DB3JVLx3Vh6+x3VcUTYt0spIn":{"registrationId":614738707,"currentRatchet":{"ephemeralKeyPair":{"pubKey":"BevwVgkKmPnJ9u7jy6Z6Hfp799oUPExd2KZCatISbcRV","privKey":"cJ3/o2DmMfwEMWSTMg34uEtEN1Vyy7GndC0ODh469Hw="},"lastRemoteEphemeralKey":"BRDmup+gMpV5OJ79Zlglwk1HMDpmNyx5dC+JsfUeuyQ2","previousCounter":0,"rootKey":"FGAFNum+cRg+XnaWOvKcTKGdQ/mSdWMZaHiR6s+bqcE="},"indexInfo":{"baseKey":"Be1ZoqTGXFDw/95P1I7DB3JVLx3Vh6+x3VcUTYt0spIn","baseKeyType":2,"closed":-1,"used":1749649060418,"created":1749649060418,"remoteIdentityKey":"BXZqDsGCt4ryR3DeEvISv1Zdiy3joS2oy9ssqdomlIpw"},"_chains":{"BRDmup+gMpV5OJ79Zlglwk1HMDpmNyx5dC+JsfUeuyQ2":{"chainKey":{"counter":9,"key":"JNGzLRYi1s6eGJiupsOe0ZTjoDKhF0CIUhIJW1C2h6Y="},"chainType":2,"messageKeys":{"0":"44VTrYZVoCmU/FNDEM4nDKvYomZjgwwiWmExpS3P894=","1":"R6wDda9NplMsdMqiB49cH/2qRsJfq8XDtpSYpmbee1Q=","2":"6QgtNBr6Qlf2UdirbCAO1mnfoWMgxNFtBTBBbKB4ElM=","3":"PT06Ltjujy4qekL6GXHcn1bMJoN50HXmdPaaZBzRWqs=","4":"Lb4y/Y+1AV1/RcpZ4l6xblKpLeHP+YhwWsunHHUg7JM=","5":"/0A3bWpz2kLsaCifsEiSTZYC+LEVdL/b5Hit645jYNM=","6":"ECTXD68n8ImW1rySvw2rlRddAxF5ODbyR1w2c6Ooc2g="}},"BevwVgkKmPnJ9u7jy6Z6Hfp799oUPExd2KZCatISbcRV":{"chainKey":{"counter":-1,"key":"vCWwXC8//e3TjmfiiTM9VI2Xf9PjVlR2QW+v3RfzsG8="},"chainType":1,"messageKeys":{}}}}},"version":"v1"}