{"_sessions":{"BXMF1kPX4jhdh45LS0DUnr4d16xqf3Zsppj3tE/StZ0f":{"registrationId":1091030590,"currentRatchet":{"ephemeralKeyPair":{"pubKey":"BbbpJ+mB8XfoRFMZ6yyxBCKEuF7eTbempDmSEup66OsX","privKey":"eHnnSh6fsDNco+pMrDsVm+4rSFG3+RfBajxaG1XKzE4="},"lastRemoteEphemeralKey":"BQZHyN9dcN3Jx9xI0tp22bjRB5ipY0UOSD/QgfDQRh1i","previousCounter":0,"rootKey":"4+gGtKMvCX2VhEXIFmYRYCRvvjwm9we5YZmls6O/LlY="},"indexInfo":{"baseKey":"BXMF1kPX4jhdh45LS0DUnr4d16xqf3Zsppj3tE/StZ0f","baseKeyType":1,"closed":-1,"used":1748336684355,"created":1748336684355,"remoteIdentityKey":"Bd33Gbyd/IbLjTKFzr3gxTcDvNWctl2HJrQVfUk2AhMH"},"_chains":{"BbbpJ+mB8XfoRFMZ6yyxBCKEuF7eTbempDmSEup66OsX":{"chainKey":{"counter":11,"key":"E9qADejwrqGzcy/MGBr2Z5RMCaDJS/n8wGXg1QM0lmI="},"chainType":1,"messageKeys":{}}},"pendingPreKey":{"signedKeyId":1,"baseKey":"BXMF1kPX4jhdh45LS0DUnr4d16xqf3Zsppj3tE/StZ0f","preKeyId":81}}},"version":"v1"}