{"_sessions":{"Ba+gcB3PYT8eJSjBinz/EIMqdmpqcGhgyKkfOhMKdtp6":{"registrationId":1763364139,"currentRatchet":{"ephemeralKeyPair":{"pubKey":"BfIhOT1PXIowsDxlAFAjFVZTBw4GH/NDlSm3xRgC/fk8","privKey":"0JACyXxkO0tId48TSnQYxMS7V5nzH5GthDe0/qyurkM="},"lastRemoteEphemeralKey":"BTBfZ5GRZO4jKnTCSkRjawMI5O5bPNGI/GSHwuyn2hN6","previousCounter":1,"rootKey":"uuH1kXCI2wb+h06gyTvPyEf9COtj9x7MqACk3oID3v0="},"indexInfo":{"baseKey":"Ba+gcB3PYT8eJSjBinz/EIMqdmpqcGhgyKkfOhMKdtp6","baseKeyType":1,"closed":-1,"used":1749649075403,"created":1748336478634,"remoteIdentityKey":"Bdclg+8B5el1+E+X9sTGjt+FmybIzRgnnpGVqVA3fzQV"},"_chains":{"BTBfZ5GRZO4jKnTCSkRjawMI5O5bPNGI/GSHwuyn2hN6":{"chainKey":{"counter":5,"key":"TLpGLpcVpdrdsc3kp1X4az7XVSLZS6bj91CrWfnaQYc="},"chainType":2,"messageKeys":{"0":"PvgjDLIObUYWN5uICsjjx4kwH0m8DHW4skLvxDKEDzQ=","1":"ounZIjB248QJ05w6k0DQ3BXhHixTbnGYsyRGKY92lw4=","2":"fXECL1CHFjJkcnWA2XS7VpFx8NfC95uavjycAfbnc8E=","3":"Bw4K4hEMBhNmg5nnMKHr/SMMpiitjQ0ZL+mwLTi2Bk4="}},"BfIhOT1PXIowsDxlAFAjFVZTBw4GH/NDlSm3xRgC/fk8":{"chainKey":{"counter":3,"key":"X758hmqXl3fKyBA9gcHPTIeIXumCjK85IV+Wl30TSLA="},"chainType":1,"messageKeys":{}}}}},"version":"v1"}